competition,match_id,match_date,stage,team,opponent,player,position,period,minute,second,play_pattern,shot_type,body_part,technique,first_time,under_pressure,one_on_one,statsbomb_xg,outcome,goal
wc2022,3857276,2022-12-01,Group Stage,Canada,Morocco,Mark Anthony Kaye,Left Defensive Midfield,1,2,5,Regular Play,Open Play,Left Foot,Normal,True,True,False,0.038882375,Blocked,False
wc2022,3857276,2022-12-01,Group Stage,Morocco,Canada,Hakim Ziyech,Right Wing,1,3,29,From Throw In,Open Play,Left Foot,Lob,True,False,False,0.024477394,Goal,True
wc2022,3857276,2022-12-01,Group Stage,Morocco,Canada,Abdelhamid Sabiri,Left Center Midfield,1,8,18,From Free Kick,Free Kick,Right Foot,Normal,False,False,False,0.02207015,Blocked,False
wc2022,3857276,2022-12-01,Group Stage,Morocco,Canada,Sofiane Boufal,Left Wing,1,9,9,From Corner,Open Play,Left Foot,Half Volley,False,False,False,0.06158555,Wayward,False
wc2022,3857276,2022-12-01,Group Stage,Canada,Morocco,Tajon Buchanan,Left Midfield,1,14,7,From Counter,Open Play,Right Foot,Half Volley,True,False,False,0.27914461,Off T,False
wc2022,3857276,2022-12-01,Group Stage,Morocco,Canada,Hakim Ziyech,Right Wing,1,15,6,From Goal Kick,Open Play,Left Foot,Normal,False,False,False,0.022624016,Off T,False
wc2022,3857276,2022-12-01,Group Stage,Morocco,Canada,Youssef En-Nesyri,Center Forward,1,22,36,From Throw In,Open Play,Right Foot,Half Volley,False,False,True,0.10405799,Goal,True
wc2022,3857276,2022-12-01,Group Stage,Morocco,Canada,Abdelhamid Sabiri,Left Center Midfield,1,32,45,Regular Play,Open Play,Right Foot,Normal,True,False,False,0.09711841,Blocked,False
wc2022,3857276,2022-12-01,Group Stage,Morocco,Canada,Youssef En-Nesyri,Center Forward,1,47,18,From Free Kick,Open Play,Right Foot,Volley,True,False,False,0.094470315,Wayward,False
wc2022,3857276,2022-12-01,Group Stage,Canada,Morocco,Alphonso Davies,Center Attacking Midfield,2,57,6,Regular Play,Open Play,Left Foot,Volley,True,False,False,0.051903803,Off T,False
wc2022,3857276,2022-12-01,Group Stage,Canada,Morocco,Atiba Hutchinson,Left Defensive Midfield,2,70,55,From Corner,Open Play,Head,Normal,False,True,False,0.086874224,Post,False
wc2022,3857276,2022-12-01,Group Stage,Canada,Morocco,Alistair Johnston,Right Back,2,70,57,From Corner,Open Play,Head,Normal,False,True,False,0.638813,Off T,False
wc2022,3857271,2022-11-21,Group Stage,England,Iran,Harry Maguire,Left Center Back,1,7,15,From Free Kick,Open Play,Left Foot,Half Volley,True,False,False,0.23307544,Off T,False
wc2022,3857271,2022-11-21,Group Stage,England,Iran,Bukayo Saka,Right Wing,1,26,58,Regular Play,Open Play,Left Foot,Normal,False,False,False,0.028282227,Saved,False
wc2022,3857271,2022-11-21,Group Stage,England,Iran,Mason Mount,Center Attacking Midfield,1,29,8,From Free Kick,Open Play,Right Foot,Normal,True,False,False,0.06697492,Off T,False
wc2022,3857271,2022-11-21,Group Stage,England,Iran,Harry Maguire,Left Center Back,1,31,47,From Corner,Open Play,Head,Normal,False,True,False,0.06988547,Post,False
wc2022,3857271,2022-11-21,Group Stage,England,Iran,Jude Bellingham,Right Defensive Midfield,1,34,9,Regular Play,Open Play,Head,Normal,False,True,False,0.08285139,Goal,True
wc2022,3857271,2022-11-21,Group Stage,England,Iran,Bukayo Saka,Right Wing,1,42,46,From Corner,Open Play,Left Foot,Half Volley,True,False,False,0.061030492,Goal,True
wc2022,3857271,2022-11-21,Group Stage,England,Iran,Raheem Sterling,Left Wing,1,45,17,Regular Play,Open Play,Right Foot,Volley,True,False,False,0.1885282,Goal,True
wc2022,3857271,2022-11-21,Group Stage,Iran,England,Alireza Jahanbakhsh,Right Wing,1,55,4,Regular Play,Open Play,Right Foot,Volley,True,False,False,0.11232807,Off T,False
wc2022,3857271,2022-11-21,Group Stage,England,Iran,Kieran Trippier,Right Back,2,50,11,From Free Kick,Free Kick,Right Foot,Normal,False,False,False,0.042866398,Blocked,False
wc2022,3857271,2022-11-21,Group Stage,England,Iran,Luke Shaw,Left Back,2,58,56,From Free Kick,Open Play,Left Foot,Normal,True,False,False,0.021548782,Blocked,False
wc2022,3857271,2022-11-21,Group Stage,Iran,England,Saeid Ezatolahi Afagh,Left Defensive Midfield,2,60,16,Regular Play,Open Play,Right Foot,Normal,False,False,False,0.0065368367,Off T,False
wc2022,3857271,2022-11-21,Group Stage,England,Iran,Bukayo Saka,Right Wing,2,61,26,Regular Play,Open Play,Left Foot,Normal,False,False,False,0.080026746,Goal,True
wc2022,3857271,2022-11-21,Group Stage,Iran,England,Mehdi Taremi,Center Forward,2,64,33,From Throw In,Open Play,Right Foot,Normal,True,True,False,0.065701395,Goal,True
wc2022,3857271,2022-11-21,Group Stage,Iran,England,Mehdi Torabi,Left Attacking Midfield,2,69,3,From Throw In,Open Play,Right Foot,Normal,False,False,False,0.045791544,Blocked,False
wc2022,3857271,2022-11-21,Group Stage,Iran,England,Ahmad Nourollahi,Right Defensive Midfield,2,69,5,From Throw In,Open Play,Left Foot,Volley,True,False,False,0.028478073,Off T,False
wc2022,3857271,2022-11-21,Group Stage,England,Iran,Marcus Rashford,Right Wing,2,70,51,From Goal Kick,Open Play,Left Foot,Normal,False,False,False,0.40810898,Goal,True
wc2022,3857271,2022-11-21,Group Stage,Iran,England,Mehdi Taremi,Center Forward,2,76,20,From Counter,Open Play,Right Foot,Half Volley,True,True,False,0.06202265,Off T,False
wc2022,3857271,2022-11-21,Group Stage,England,Iran,Marcus Rashford,Right Wing,2,83,5,Regular Play,Open Play,Left Foot,Normal,False,False,False,0.0776978,Blocked,False
wc2022,3857271,2022-11-21,Group Stage,England,Iran,Jack Grealish,Left Wing,2,89,1,From Free Kick,Open Play,Right Foot,Normal,True,False,False,0.6262809,Goal,True
wc2022,3857271,2022-11-21,Group Stage,Iran,England,Sardar Azmoun,Left Center Forward,2,97,41,Regular Play,Open Play,Right Foot,Normal,False,False,True,0.35130003,Saved to Post,False
wc2022,3857271,2022-11-21,Group Stage,Iran,England,Mehdi Taremi,Right Center Forward,2,102,30,Other,Penalty,Right Foot,Normal,False,False,False,0.7835,Goal,True
wc2022,3857296,2022-12-01,Group Stage,Croatia,Belgium,Ivan Perišić,Left Wing,1,0,8,From Kick Off,Open Play,Right Foot,Half Volley,False,False,False,0.03397081,Off T,False
wc2022,3857296,2022-12-01,Group Stage,Belgium,Croatia,Yannick Ferreira Carrasco,Left Wing,1,9,7,From Free Kick,Open Play,Right Foot,Normal,False,False,False,0.05519996,Blocked,False
wc2022,3857296,2022-12-01,Group Stage,Belgium,Croatia,Yannick Ferreira Carrasco,Left Wing,1,10,51,From Free Kick,Open Play,Right Foot,Normal,False,False,False,0.020840297,Blocked,False
wc2022,3857296,2022-12-01,Group Stage,Belgium,Croatia,Dries Mertens,Center Attacking Midfield,1,12,56,From Counter,Open Play,Right Foot,Normal,True,True,False,0.1934709,Off T,False
wc2022,3857296,2022-12-01,Group Stage,Belgium,Croatia,Axel Witsel,Left Defensive Midfield,1,24,50,Regular Play,Open Play,Right Foot,Normal,False,False,False,0.025340356,Blocked,False
wc2022,3857296,2022-12-01,Group Stage,Croatia,Belgium,Marcelo Brozović,Center Defensive Midfield,1,32,19,From Throw In,Open Play,Left Foot,Normal,False,False,False,0.054300383,Blocked,False
wc2022,3857296,2022-12-01,Group Stage,Croatia,Belgium,Marko Livaja,Center Forward,1,32,28,From Throw In,Open Play,Head,Normal,False,True,False,0.104244776,Off T,False
wc2022,3857296,2022-12-01,Group Stage,Belgium,Croatia,Dries Mertens,Center Attacking Midfield,1,41,14,Regular Play,Open Play,Left Foot,Volley,True,False,False,0.108029366,Wayward,False
wc2022,3857296,2022-12-01,Group Stage,Croatia,Belgium,Borna Sosa,Left Back,1,44,42,Regular Play,Open Play,Left Foot,Normal,False,False,False,0.024362085,Off T,False
wc2022,3857296,2022-12-01,Group Stage,Croatia,Belgium,Ivan Perišić,Left Wing,1,48,47,From Throw In,Open Play,Head,Normal,False,False,False,0.08771692,Wayward,False
wc2022,3857296,2022-12-01,Group Stage,Croatia,Belgium,Josip Juranović,Right Back,1,48,56,From Throw In,Open Play,Right Foot,Volley,True,False,False,0.041306578,Off T,False
wc2022,3857296,2022-12-01,Group Stage,Belgium,Croatia,Yannick Ferreira Carrasco,Left Wing,2,47,54,From Corner,Open Play,Left Foot,Half Volley,True,False,False,0.026916144,Wayward,False
wc2022,3857296,2022-12-01,Group Stage,Belgium,Croatia,Romelu Lukaku Menama,Center Forward,2,48,2,From Corner,Open Play,Head,Normal,False,True,False,0.1189759,Saved,False
wc2022,3857296,2022-12-01,Group Stage,Croatia,Belgium,Mateo Kovačić,Left Center Midfield,2,49,15,From Keeper,Open Play,Right Foot,Normal,False,False,False,0.07960723,Saved,False
wc2022,3857296,2022-12-01,Group Stage,Croatia,Belgium,Borna Sosa,Left Back,2,49,54,From Corner,Open Play,Left Foot,Half Volley,False,False,False,0.024012579,Off T,False
wc2022,3857296,2022-12-01,Group Stage,Belgium,Croatia,Kevin De Bruyne,Right Wing,2,50,38,From Goal Kick,Open Play,Left Foot,Normal,False,True,False,0.048855886,Off T,False
wc2022,3857296,2022-12-01,Group Stage,Croatia,Belgium,Marcelo Brozović,Center Defensive Midfield,2,53,8,Regular Play,Open Play,Left Foot,Normal,True,True,False,0.10219261,Saved,False
wc2022,3857296,2022-12-01,Group Stage,Croatia,Belgium,Luka Modrić,Right Center Midfield,2,53,42,From Throw In,Open Play,Left Foot,Normal,False,True,False,0.071706615,Saved,False
wc2022,3857296,2022-12-01,Group Stage,Belgium,Croatia,Yannick Ferreira Carrasco,Left Wing,2,59,47,From Keeper,Open Play,Right Foot,Normal,False,False,False,0.09935363,Blocked,False
wc2022,3857296,2022-12-01,Group Stage,Belgium,Croatia,Romelu Lukaku Menama,Center Forward,2,59,49,From Keeper,Open Play,Right Foot,Normal,True,True,False,0.19960539,Post,False
wc2022,3857296,2022-12-01,Group Stage,Belgium,Croatia,Romelu Lukaku Menama,Center Forward,2,61,50,Regular Play,Open Play,Head,Normal,False,False,False,0.30245224,Off T,False
wc2022,3857296,2022-12-01,Group Stage,Croatia,Belgium,Luka Modrić,Right Center Midfield,2,67,9,From Free Kick,Open Play,Right Foot,Half Volley,False,False,False,0.07160131,Saved,False
wc2022,3857296,2022-12-01,Group Stage,Belgium,Croatia,Kevin De Bruyne,Right Wing,2,68,11,From Goal Kick,Open Play,Right Foot,Normal,True,True,False,0.0061408128,Saved,False
wc2022,3857296,2022-12-01,Group Stage,Belgium,Croatia,Jan Vertonghen,Left Center Back,2,77,41,From Corner,Open Play,Head,Normal,False,True,False,0.07045005,Blocked,False
wc2022,3857296,2022-12-01,Group Stage,Belgium,Croatia,Thomas Meunier,Right Back,2,86,9,From Corner,Open Play,Right Foot,Volley,True,False,False,0.04308796,Blocked,False
wc2022,3857296,2022-12-01,Group Stage,Belgium,Croatia,Romelu Lukaku Menama,Center Forward,2,86,9,From Corner,Open Play,Left Foot,Half Volley,False,False,False,0.4909717,Off T,False
wc2022,3857296,2022-12-01,Group Stage,Belgium,Croatia,Romelu Lukaku Menama,Center Forward,2,89,41,Regular Play,Open Play,Other,Normal,False,False,False,0.5721495,Saved,False
wc2022,3857274,2022-11-25,Group Stage,Netherlands,Ecuador,Cody Mathès Gakpo,Right Center Forward,1,5,3,From Throw In,Open Play,Left Foot,Normal,False,False,False,0.059259485,Goal,True
wc2022,3857274,2022-11-25,Group Stage,Ecuador,Netherlands,Enner Remberto Valencia Lastra,Left Attacking Midfield,1,10,39,From Free Kick,Open Play,Left Foot,Half Volley,True,False,False,0.062208217,Blocked,False
wc2022,3857274,2022-11-25,Group Stage,Ecuador,Netherlands,Moisés Isaac Caicedo Corozo,Left Defensive Midfield,1,23,32,From Throw In,Open Play,Right Foot,Normal,False,False,False,0.030668529,Blocked,False
wc2022,3857274,2022-11-25,Group Stage,Ecuador,Netherlands,Michael Steveen Estrada Martínez,Center Forward,1,26,56,Regular Play,Open Play,Left Foot,Backheel,True,False,False,0.069653474,Wayward,False
wc2022,3857274,2022-11-25,Group Stage,Ecuador,Netherlands,Enner Remberto Valencia Lastra,Left Attacking Midfield,1,31,53,Regular Play,Open Play,Right Foot,Normal,False,False,False,0.029882463,Saved,False
wc2022,3857274,2022-11-25,Group Stage,Ecuador,Netherlands,Enner Remberto Valencia Lastra,Left Attacking Midfield,1,46,49,From Free Kick,Open Play,Head,Normal,False,True,False,0.024015462,Blocked,False
wc2022,3857274,2022-11-25,Group Stage,Ecuador,Netherlands,Angelo Smit Preciado Quiñónez,Right Wing Back,1,47,48,From Corner,Open Play,Right Foot,Half Volley,True,True,False,0.022953799,Blocked,False
wc2022,3857274,2022-11-25,Group Stage,Ecuador,Netherlands,Pervis Josué Estupiñán Tenorio,Left Wing Back,1,47,49,From Corner,Open Play,Left Foot,Half Volley,False,False,False,0.18923391,Wayward,False
wc2022,3857274,2022-11-25,Group Stage,Ecuador,Netherlands,Pervis Josué Estupiñán Tenorio,Left Wing Back,2,48,43,Regular Play,Open Play,Left Foot,Normal,False,False,False,0.08083876,Saved,False
wc2022,3857274,2022-11-25,Group Stage,Ecuador,Netherlands,Enner Remberto Valencia Lastra,Left Attacking Midfield,2,48,44,From Counter,Open Play,Right Foot,Half Volley,True,False,False,0.790909,Goal,True
wc2022,3857274,2022-11-25,Group Stage,Ecuador,Netherlands,Enner Remberto Valencia Lastra,Left Attacking Midfield,2,58,46,From Throw In,Open Play,Right Foot,Normal,True,False,False,0.09564507,Blocked,False
wc2022,3857274,2022-11-25,Group Stage,Ecuador,Netherlands,Gonzalo Jordy Plata Jiménez,Right Attacking Midfield,2,58,48,From Throw In,Open Play,Left Foot,Normal,False,False,False,0.046335444,Post,False
wc2022,3857274,2022-11-25,Group Stage,Ecuador,Netherlands,Michael Steveen Estrada Martínez,Center Forward,2,63,19,Regular Play,Open Play,Left Foot,Normal,True,True,False,0.13418972,Wayward,False
wc2022,3857274,2022-11-25,Group Stage,Netherlands,Ecuador,Teun Koopmeiners,Right Defensive Midfield,2,65,12,Regular Play,Open Play,Left Foot,Normal,True,False,False,0.04520454,Off T,False
wc2022,3857274,2022-11-25,Group Stage,Ecuador,Netherlands,Moisés Isaac Caicedo Corozo,Left Defensive Midfield,2,72,33,Regular Play,Open Play,Right Foot,Half Volley,False,True,False,0.03323832,Blocked,False
wc2022,3857274,2022-11-25,Group Stage,Ecuador,Netherlands,Angelo Smit Preciado Quiñónez,Right Wing Back,2,80,21,From Corner,Open Play,Right Foot,Half Volley,True,False,False,0.007451811,Off T,False
wc2022,3857274,2022-11-25,Group Stage,Ecuador,Netherlands,Angelo Smit Preciado Quiñónez,Right Wing Back,2,91,54,From Throw In,Open Play,Head,Normal,False,False,False,0.033830326,Saved,False
wc2022,3857255,2022-12-01,Group Stage,Spain,Japan,Sergio Busquets i Burgos,Center Defensive Midfield,1,6,3,Regular Play,Open Play,Left Foot,Normal,False,False,False,0.03268242,Off T,False
wc2022,3857255,2022-12-01,Group Stage,Japan,Spain,Junya Ito,Right Wing Back,1,7,12,Regular Play,Open Play,Right Foot,Normal,False,False,False,0.04214545,Off T,False
wc2022,3857255,2022-12-01,Group Stage,Spain,Japan,Álvaro Borja Morata Martín,Center Forward,1,8,52,From Corner,Open Play,Head,Normal,False,False,False,0.06376064,Saved,False
wc2022,3857255,2022-12-01,Group Stage,Spain,Japan,Álvaro Borja Morata Martín,Center Forward,1,11,0,Regular Play,Open Play,Head,Normal,False,True,False,0.33106714,Goal,True
wc2022,3857255,2022-12-01,Group Stage,Spain,Japan,Álvaro Borja Morata Martín,Center Forward,1,22,34,Regular Play,Open Play,Right Foot,Normal,True,False,False,0.10093839,Saved,False
wc2022,3857255,2022-12-01,Group Stage,Japan,Spain,Daichi Kamada,Left Wing,1,35,50,Regular Play,Open Play,Right Foot,Normal,False,False,False,0.03356069,Blocked,False
wc2022,3857255,2022-12-01,Group Stage,Spain,Japan,Daniel Olmo Carvajal,Left Wing,1,41,54,From Goal Kick,Open Play,Right Foot,Normal,False,False,False,0.10385344,Blocked,False
wc2022,3857255,2022-12-01,Group Stage,Japan,Spain,Ritsu Doan,Right Wing,2,47,48,Regular Play,Open Play,Left Foot,Normal,False,False,False,0.027777622,Goal,True
wc2022,3857255,2022-12-01,Group Stage,Japan,Spain,Ao Tanaka,Right Defensive Midfield,2,50,14,From Free Kick,Open Play,Other,Normal,False,False,False,0.87261814,Goal,True
wc2022,3857255,2022-12-01,Group Stage,Japan,Spain,Takuma Asano,Center Forward,2,69,50,From Counter,Open Play,Right Foot,Normal,True,False,False,0.13121767,Off T,False
wc2022,3857255,2022-12-01,Group Stage,Spain,Japan,Marco Asensio Willemsen,Center Forward,2,73,12,From Throw In,Open Play,Left Foot,Normal,False,False,False,0.016301522,Blocked,False
wc2022,3857255,2022-12-01,Group Stage,Spain,Japan,Daniel Olmo Carvajal,Right Center Midfield,2,79,18,From Throw In,Open Play,Right Foot,Normal,False,False,False,0.01649772,Blocked,False
wc2022,3857255,2022-12-01,Group Stage,Japan,Spain,Ko Itakura,Right Center Back,2,82,21,From Free Kick,Open Play,Head,Normal,False,False,True,0.0504811,Saved,False
wc2022,3857255,2022-12-01,Group Stage,Spain,Japan,Marco Asensio Willemsen,Right Wing,2,84,30,Regular Play,Open Play,Left Foot,Normal,False,False,False,0.02842248,Blocked,False
wc2022,3857255,2022-12-01,Group Stage,Spain,Japan,Jordi Alba Ramos,Left Back,2,88,28,From Throw In,Open Play,Right Foot,Normal,False,False,False,0.0241939,Blocked,False
wc2022,3857255,2022-12-01,Group Stage,Spain,Japan,Marco Asensio Willemsen,Right Wing,2,88,49,From Throw In,Open Play,Left Foot,Normal,False,False,False,0.007735879,Saved,False
wc2022,3857255,2022-12-01,Group Stage,Spain,Japan,Daniel Olmo Carvajal,Right Center Midfield,2,89,8,From Throw In,Open Play,Right Foot,Normal,True,False,False,0.12373556,Saved,False
wc2022,3857255,2022-12-01,Group Stage,Spain,Japan,Daniel Olmo Carvajal,Right Center Midfield,2,95,29,From Throw In,Open Play,Right Foot,Normal,False,False,False,0.008523117,Off T,False
wc2022,3857272,2022-11-25,Group Stage,England,United States,Harry Kane,Center Forward,1,9,11,From Throw In,Open Play,Right Foot,Normal,True,False,False,0.10607713,Blocked,False
wc2022,3857272,2022-11-25,Group Stage,England,United States,John Stones,Right Center Back,1,9,56,From Corner,Open Play,Head,Normal,False,True,False,0.04222343,Wayward,False
wc2022,3857272,2022-11-25,Group Stage,England,United States,Mason Mount,Center Attacking Midfield,1,10,8,From Corner,Open Play,Right Foot,Normal,True,False,False,0.019677445,Off T,False
wc2022,3857272,2022-11-25,Group Stage,United States,England,Haji Wright,Left Center Forward,1,16,3,Regular Play,Open Play,Head,Normal,False,True,False,0.048006557,Off T,False
wc2022,3857272,2022-11-25,Group Stage,United States,England,Weston McKennie,Right Midfield,1,25,7,From Free Kick,Open Play,Right Foot,Half Volley,True,False,False,0.18268152,Off T,False
wc2022,3857272,2022-11-25,Group Stage,United States,England,Yunus Dimoara Musah,Left Defensive Midfield,1,28,6,From Free Kick,Open Play,Right Foot,Normal,False,False,False,0.016826272,Saved,False
wc2022,3857272,2022-11-25,Group Stage,United States,England,Christian Pulisic,Left Midfield,1,32,7,Regular Play,Open Play,Left Foot,Normal,False,False,False,0.023374733,Post,False
wc2022,3857272,2022-11-25,Group Stage,United States,England,Sergino Dest,Right Back,1,40,40,From Throw In,Open Play,Left Foot,Normal,False,False,False,0.056137927,Blocked,False
wc2022,3857272,2022-11-25,Group Stage,United States,England,Christian Pulisic,Left Midfield,1,42,11,From Throw In,Open Play,Head,Normal,False,True,False,0.05394238,Off T,False
wc2022,3857272,2022-11-25,Group Stage,England,United States,Bukayo Saka,Right Wing,1,44,16,From Throw In,Open Play,Left Foot,Normal,True,True,False,0.08680134,Off T,False
wc2022,3857272,2022-11-25,Group Stage,England,United States,Mason Mount,Center Attacking Midfield,1,45,26,Regular Play,Open Play,Right Foot,Normal,True,False,False,0.0710417,Saved,False
wc2022,3857272,2022-11-25,Group Stage,United States,England,Haji Wright,Left Center Forward,2,48,15,From Counter,Open Play,Right Foot,Normal,False,False,False,0.0422633,Blocked,False
wc2022,3857272,2022-11-25,Group Stage,United States,England,Weston McKennie,Right Midfield,2,48,18,Regular Play,Open Play,Right Foot,Normal,False,False,False,0.032319076,Off T,False
wc2022,3857272,2022-11-25,Group Stage,United States,England,Christian Pulisic,Left Midfield,2,57,51,Regular Play,Open Play,Right Foot,Normal,False,False,False,0.025169194,Blocked,False
wc2022,3857272,2022-11-25,Group Stage,United States,England,Christian Pulisic,Left Midfield,2,61,54,From Corner,Open Play,Left Foot,Normal,False,False,False,0.033566043,Blocked,False
wc2022,3857272,2022-11-25,Group Stage,England,United States,Marcus Rashford,Right Wing,2,86,43,From Throw In,Open Play,Right Foot,Normal,False,False,False,0.009332121,Saved,False
wc2022,3857272,2022-11-25,Group Stage,England,United States,Harry Maguire,Left Center Back,2,90,50,From Corner,Open Play,Head,Normal,False,True,False,0.05556727,Saved,False
wc2022,3857272,2022-11-25,Group Stage,England,United States,Harry Kane,Center Forward,2,92,51,From Free Kick,Open Play,Head,Normal,False,True,False,0.06991791,Off T,False
wc2022,3857278,2022-11-29,Group Stage,United States,Iran,Yunus Dimoara Musah,Right Center Midfield,1,8,38,From Free Kick,Open Play,Left Foot,Volley,False,False,False,0.045798708,Off T,False
wc2022,3857278,2022-11-29,Group Stage,United States,Iran,Christian Pulisic,Left Wing,1,10,32,From Free Kick,Open Play,Head,Normal,False,True,False,0.080380306,Saved,False
wc2022,3857278,2022-11-29,Group Stage,United States,Iran,Joshua Sargent,Center Forward,1,27,8,From Corner,Open Play,Right Foot,Normal,False,False,False,0.040954046,Blocked,False
wc2022,3857278,2022-11-29,Group Stage,United States,Iran,Timothy Weah,Right Wing,1,27,10,From Corner,Open Play,Head,Normal,False,False,False,0.12157792,Saved,False
wc2022,3857278,2022-11-29,Group Stage,United States,Iran,Sergino Dest,Right Back,1,29,16,Regular Play,Open Play,Left Foot,Normal,False,False,False,0.05512647,Blocked,False
wc2022,3857278,2022-11-29,Group Stage,United States,Iran,Timothy Weah,Right Wing,1,32,45,From Throw In,Open Play,Right Foot,Normal,True,False,False,0.04585104,Off T,False
wc2022,3857278,2022-11-29,Group Stage,United States,Iran,Sergino Dest,Right Back,1,36,0,From Corner,Open Play,Right Foot,Normal,True,False,False,0.043695714,Blocked,False
wc2022,3857278,2022-11-29,Group Stage,United States,Iran,Christian Pulisic,Left Wing,1,37,49,Regular Play,Open Play,Right Foot,Half Volley,True,False,False,0.5303789,Goal,True
wc2022,3857278,2022-11-29,Group Stage,United States,Iran,Joshua Sargent,Center Forward,1,41,31,Regular Play,Open Play,Right Foot,Half Volley,False,False,True,0.011004616,Wayward,False
wc2022,3857278,2022-11-29,Group Stage,United States,Iran,Joshua Sargent,Center Forward,2,46,45,Regular Play,Open Play,Left Foot,Normal,True,False,False,0.05674209,Saved,False
wc2022,3857278,2022-11-29,Group Stage,Iran,United States,Saman Ghoddos,Left Wing,2,51,11,From Throw In,Open Play,Head,Diving Header,False,True,False,0.39133456,Off T,False
wc2022,3857278,2022-11-29,Group Stage,United States,Iran,Yunus Dimoara Musah,Right Midfield,2,68,45,From Free Kick,Free Kick,Right Foot,Normal,False,False,False,0.080397844,Off T,False
wc2022,3857278,2022-11-29,Group Stage,Iran,United States,Saeid Ezatolahi Afagh,Center Defensive Midfield,2,69,53,From Throw In,Open Play,Right Foot,Normal,False,False,False,0.006830182,Off T,False
wc2022,3857278,2022-11-29,Group Stage,Iran,United States,Morteza Pouraliganji,Left Center Back,2,92,28,From Free Kick,Open Play,Head,Diving Header,False,True,False,0.21722858,Off T,False
wc2022,3857278,2022-11-29,Group Stage,Iran,United States,Mehdi Taremi,Left Center Forward,2,97,53,From Free Kick,Open Play,Left Foot,Volley,True,False,False,0.30539662,Saved,False
wc2022,3857278,2022-11-29,Group Stage,United States,Iran,Haji Wright,Center Forward,2,99,26,Regular Play,Open Play,Left Foot,Normal,True,False,False,0.057746947,Saved,False
wc2022,3857277,2022-11-23,Group Stage,Morocco,Croatia,Noussair Mazraoui,Left Back,1,6,59,Regular Play,Open Play,Right Foot,Half Volley,False,True,False,0.026111592,Blocked,False
wc2022,3857277,2022-11-23,Group Stage,Morocco,Croatia,Hakim Ziyech,Right Midfield,1,12,48,Regular Play,Open Play,Left Foot,Normal,False,False,False,0.052363984,Blocked,False
wc2022,3857277,2022-11-23,Group Stage,Croatia,Morocco,Ivan Perišić,Left Wing,1,16,13,From Throw In,Open Play,Left Foot,Normal,False,False,False,0.00976612,Off T,False
wc2022,3857277,2022-11-23,Group Stage,Morocco,Croatia,Sofiane Boufal,Left Midfield,1,18,7,From Throw In,Open Play,Left Foot,Normal,False,False,False,0.04188839,Blocked,False
wc2022,3857277,2022-11-23,Group Stage,Morocco,Croatia,Hakim Ziyech,Right Midfield,1,20,7,From Free Kick,Free Kick,Left Foot,Normal,False,False,False,0.06625415,Blocked,False
wc2022,3857277,2022-11-23,Group Stage,Morocco,Croatia,Youssef En-Nesyri,Center Forward,1,24,25,From Throw In,Open Play,Left Foot,Half Volley,False,True,False,0.03416934,Blocked,False
wc2022,3857277,2022-11-23,Group Stage,Croatia,Morocco,Nikola Vlašić,Right Wing,1,45,11,From Free Kick,Open Play,Right Foot,Normal,True,False,False,0.44776994,Saved,False
wc2022,3857277,2022-11-23,Group Stage,Croatia,Morocco,Nikola Vlašić,Right Wing,1,46,48,From Throw In,Open Play,Right Foot,Half Volley,True,False,False,0.06879163,Blocked,False
wc2022,3857277,2022-11-23,Group Stage,Croatia,Morocco,Luka Modrić,Right Center Midfield,1,46,49,From Throw In,Open Play,Left Foot,Normal,True,False,False,0.073204115,Off T,False
wc2022,3857277,2022-11-23,Group Stage,Morocco,Croatia,Sofiane Boufal,Left Midfield,2,50,26,Regular Play,Open Play,Left Foot,Normal,False,False,False,0.042848527,Blocked,False
wc2022,3857277,2022-11-23,Group Stage,Morocco,Croatia,Noussair Mazraoui,Left Back,2,50,29,From Counter,Open Play,Head,Diving Header,False,True,True,0.07962643,Saved,False
wc2022,3857277,2022-11-23,Group Stage,Croatia,Morocco,Dejan Lovren,Right Center Back,2,51,55,From Corner,Open Play,Left Foot,Normal,True,False,False,0.2503287,Blocked,False
wc2022,3857277,2022-11-23,Group Stage,Morocco,Croatia,Achraf Hakimi Mouh,Right Back,2,64,6,From Free Kick,Open Play,Right Foot,Normal,True,False,False,0.019376563,Saved,False
wc2022,3857273,2022-11-25,Group Stage,Wales,Iran,Neco Williams,Left Wing Back,1,2,2,From Goal Kick,Open Play,Right Foot,Normal,False,True,False,0.023614733,Off T,False
wc2022,3857273,2022-11-25,Group Stage,Iran,Wales,Sardar Azmoun,Center Forward,1,6,37,Regular Play,Open Play,Right Foot,Normal,False,False,False,0.035244513,Saved,False
wc2022,3857273,2022-11-25,Group Stage,Wales,Iran,Kieffer Roberto Francisco Moore,Left Center Forward,1,11,22,From Throw In,Open Play,Right Foot,Volley,True,False,False,0.12850787,Saved,False
wc2022,3857273,2022-11-25,Group Stage,Iran,Wales,Ahmad Nourollahi,Left Defensive Midfield,1,19,10,From Counter,Open Play,Right Foot,Normal,False,False,False,0.017788952,Blocked,False
wc2022,3857273,2022-11-25,Group Stage,Iran,Wales,Sardar Azmoun,Center Forward,1,22,36,From Free Kick,Open Play,Head,Normal,False,True,False,0.07202582,Off T,False
wc2022,3857273,2022-11-25,Group Stage,Wales,Iran,Gareth Frank Bale,Right Center Forward,1,28,48,From Throw In,Open Play,Left Foot,Volley,True,False,False,0.02170084,Saved,False
wc2022,3857273,2022-11-25,Group Stage,Wales,Iran,Harry Wilson,Left Center Midfield,1,41,9,From Goal Kick,Open Play,Left Foot,Normal,True,False,False,0.030164797,Blocked,False
wc2022,3857273,2022-11-25,Group Stage,Iran,Wales,Mehdi Taremi,Center Attacking Midfield,1,48,50,From Free Kick,Open Play,Left Foot,Normal,True,False,False,0.08566745,Wayward,False
wc2022,3857273,2022-11-25,Group Stage,Iran,Wales,Ahmad Nourollahi,Left Defensive Midfield,1,49,3,From Free Kick,Open Play,Right Foot,Half Volley,False,False,False,0.011584845,Saved,False
wc2022,3857273,2022-11-25,Group Stage,Iran,Wales,Sardar Azmoun,Center Forward,2,50,58,From Counter,Open Play,Right Foot,Normal,False,True,True,0.28799564,Post,False
wc2022,3857273,2022-11-25,Group Stage,Iran,Wales,Ali Gholizadeh,Right Midfield,2,51,8,Regular Play,Open Play,Left Foot,Normal,False,False,False,0.04282673,Post,False
wc2022,3857273,2022-11-25,Group Stage,Iran,Wales,Sardar Azmoun,Center Forward,2,51,9,From Counter,Open Play,Head,Normal,False,False,True,0.21401532,Saved,False
wc2022,3857273,2022-11-25,Group Stage,Wales,Iran,Kieffer Roberto Francisco Moore,Left Center Forward,2,52,19,Regular Play,Open Play,Head,Normal,False,False,False,0.22100283,Off T,False
wc2022,3857273,2022-11-25,Group Stage,Iran,Wales,Ehsan Hajsafi,Left Midfield,2,55,28,From Throw In,Open Play,Left Foot,Half Volley,True,False,False,0.068153165,Blocked,False
wc2022,3857273,2022-11-25,Group Stage,Iran,Wales,Mehdi Taremi,Center Attacking Midfield,2,63,39,From Counter,Open Play,Right Foot,Normal,False,True,False,0.075855605,Blocked,False
wc2022,3857273,2022-11-25,Group Stage,Iran,Wales,Ahmad Nourollahi,Left Defensive Midfield,2,69,48,Regular Play,Open Play,Right Foot,Normal,True,True,False,0.015279148,Blocked,False
wc2022,3857273,2022-11-25,Group Stage,Iran,Wales,Morteza Pouraliganji,Left Center Back,2,71,42,From Corner,Open Play,Left Foot,Half Volley,True,False,False,0.05160931,Blocked,False
wc2022,3857273,2022-11-25,Group Stage,Iran,Wales,Saeid Ezatolahi Afagh,Right Defensive Midfield,2,72,27,Regular Play,Open Play,Right Foot,Normal,False,False,False,0.047915842,Saved,False
wc2022,3857273,2022-11-25,Group Stage,Iran,Wales,Ahmad Nourollahi,Left Defensive Midfield,2,74,15,From Corner,Open Play,Right Foot,Normal,False,False,False,0.0072957636,Blocked,False
wc2022,3857273,2022-11-25,Group Stage,Wales,Iran,Aaron Ramsey,Left Defensive Midfield,2,82,52,Regular Play,Open Play,Right Foot,Volley,True,False,False,0.025361432,Wayward,False
wc2022,3857273,2022-11-25,Group Stage,Wales,Iran,Neco Williams,Right Back,2,82,56,Regular Play,Open Play,Right Foot,Normal,True,False,False,0.031851415,Blocked,False
wc2022,3857273,2022-11-25,Group Stage,Wales,Iran,Ben Davies,Left Back,2,82,59,Regular Play,Open Play,Left Foot,Normal,True,False,False,0.053537875,Saved,False
wc2022,3857273,2022-11-25,Group Stage,Iran,Wales,Karim Ansarifard,Center Attacking Midfield,2,87,54,From Free Kick,Open Play,Right Foot,Normal,True,False,False,0.06399969,Blocked,False
wc2022,3857273,2022-11-25,Group Stage,Iran,Wales,Mehdi Torabi,Left Midfield,2,87,59,From Free Kick,Open Play,Right Foot,Normal,False,False,False,0.051057886,Off T,False
wc2022,3857273,2022-11-25,Group Stage,Wales,Iran,Neco Williams,Right Back,2,95,23,From Free Kick,Open Play,Right Foot,Normal,True,False,False,0.020104993,Wayward,False
wc2022,3857273,2022-11-25,Group Stage,Wales,Iran,Brennan Johnson,Right Midfield,2,95,25,From Free Kick,Open Play,Right Foot,Half Volley,False,True,True,0.059788406,Saved Off Target,False
wc2022,3857273,2022-11-25,Group Stage,Iran,Wales,Ramin Rezaeian,Right Back,2,95,43,Regular Play,Open Play,Right Foot,Normal,False,False,False,0.031046849,Blocked,False
wc2022,3857273,2022-11-25,Group Stage,Iran,Wales,Alireza Jahanbakhsh,Right Midfield,2,96,12,Regular Play,Open Play,Right Foot,Normal,False,False,False,0.031239294,Blocked,False
wc2022,3857273,2022-11-25,Group Stage,Iran,Wales,Alireza Jahanbakhsh,Right Midfield,2,97,43,From Throw In,Open Play,Right Foot,Normal,False,False,False,0.011336825,Blocked,False
wc2022,3857273,2022-11-25,Group Stage,Iran,Wales,Roozbeh Cheshmi,Left Defensive Midfield,2,97,56,From Throw In,Open Play,Right Foot,Normal,False,False,False,0.03268815,Goal,True
wc2022,3857273,2022-11-25,Group Stage,Iran,Wales,Ramin Rezaeian,Right Back,2,100,37,From Counter,Open Play,Right Foot,Lob,False,False,False,0.19933115,Goal,True
wc2022,3857275,2022-11-30,Group Stage,France,Tunisia,Kingsley Coman,Right Wing,1,24,49,Regular Play,Open Play,Left Foot,Normal,False,False,False,0.08786314,Off T,False
wc2022,3857275,2022-11-30,Group Stage,Tunisia,France,Anis Ben Slimane,Right Attacking Midfield,1,29,11,From Throw In,Open Play,Head,Normal,False,False,False,0.1007914,Saved,False
wc2022,3857275,2022-11-30,Group Stage,Tunisia,France,Wahbi Khazri,Center Forward,1,34,34,From Throw In,Open Play,Left Foot,Half Volley,False,False,False,0.016592033,Saved,False
wc2022,3857275,2022-11-30,Group Stage,France,Tunisia,Youssouf Fofana,Right Center Midfield,1,46,45,From Free Kick,Open Play,Right Foot,Normal,False,False,False,0.041162748,Blocked,False
wc2022,3857275,2022-11-30,Group Stage,Tunisia,France,Wahbi Khazri,Center Forward,1,46,59,Regular Play,Open Play,Right Foot,Normal,False,False,False,0.010898009,Off T,False
wc2022,3857275,2022-11-30,Group Stage,Tunisia,France,Aïssa Bilal Laïdouni,Left Defensive Midfield,2,51,29,From Throw In,Open Play,Right Foot,Normal,False,False,True,0.013856714,Off T,False
wc2022,3857275,2022-11-30,Group Stage,Tunisia,France,Wahbi Khazri,Center Forward,2,57,20,Regular Play,Open Play,Left Foot,Normal,False,True,False,0.15620883,Goal,True
wc2022,3857275,2022-11-30,Group Stage,France,Tunisia,Axel Disasi,Right Back,2,79,23,From Corner,Open Play,Head,Normal,False,True,False,0.061025612,Blocked,False
wc2022,3857275,2022-11-30,Group Stage,France,Tunisia,Adrien Rabiot,Left Defensive Midfield,2,81,8,From Corner,Open Play,Right Foot,Volley,True,False,False,0.080746524,Wayward,False
wc2022,3857275,2022-11-30,Group Stage,France,Tunisia,Ousmane Dembélé,Right Wing,2,81,14,From Corner,Open Play,Right Foot,Normal,False,False,False,0.020325886,Saved,False
wc2022,3857275,2022-11-30,Group Stage,France,Tunisia,Adrien Rabiot,Left Defensive Midfield,2,84,28,Regular Play,Open Play,Left Foot,Volley,False,False,False,0.06369618,Wayward,False
wc2022,3857275,2022-11-30,Group Stage,France,Tunisia,Kylian Mbappé Lottin,Left Wing,2,88,19,Regular Play,Open Play,Right Foot,Normal,False,False,False,0.01194291,Saved,False
wc2022,3857275,2022-11-30,Group Stage,France,Tunisia,Randal Kolo Muani,Center Forward,2,89,11,From Throw In,Open Play,Right Foot,Normal,False,False,False,0.041042205,Blocked,False
wc2022,3857275,2022-11-30,Group Stage,France,Tunisia,Kylian Mbappé Lottin,Left Wing,2,92,32,From Free Kick,Free Kick,Right Foot,Normal,False,False,False,0.06416701,Blocked,False
wc2022,3857275,2022-11-30,Group Stage,France,Tunisia,Kylian Mbappé Lottin,Left Wing,2,92,37,From Free Kick,Open Play,Right Foot,Normal,False,False,False,0.005017159,Saved,False
wc2022,3857261,2022-11-29,Group Stage,England,Wales,Marcus Rashford,Left Wing,1,9,11,From Throw In,Open Play,Right Foot,Normal,True,False,False,0.28441095,Saved,False
wc2022,3857261,2022-11-29,Group Stage,England,Wales,Phil Foden,Right Wing,1,14,3,From Free Kick,Open Play,Left Foot,Normal,False,False,False,0.02354375,Off T,False
wc2022,3857261,2022-11-29,Group Stage,England,Wales,Harry Maguire,Left Center Back,1,17,59,From Free Kick,Open Play,Head,Normal,False,True,True,0.01084097,Off T,False
wc2022,3857261,2022-11-29,Group Stage,England,Wales,Marcus Rashford,Left Wing,1,23,3,From Free Kick,Open Play,Right Foot,Normal,False,False,False,0.010357286,Blocked,False
wc2022,3857261,2022-11-29,Group Stage,England,Wales,Phil Foden,Right Wing,1,37,12,Regular Play,Open Play,Left Foot,Normal,False,False,False,0.05725451,Off T,False
wc2022,3857261,2022-11-29,Group Stage,Wales,England,Joe Allen,Right Defensive Midfield,1,38,12,From Goal Kick,Open Play,Right Foot,Normal,True,False,False,0.022615774,Blocked,False
wc2022,3857261,2022-11-29,Group Stage,England,Wales,Marcus Rashford,Left Wing,1,38,38,Regular Play,Open Play,Right Foot,Overhead Kick,True,False,False,0.081256144,Off T,False
wc2022,3857261,2022-11-29,Group Stage,England,Wales,Harry Kane,Center Forward,1,43,51,From Free Kick,Open Play,Left Foot,Normal,True,False,False,0.028181294,Blocked,False
wc2022,3857261,2022-11-29,Group Stage,England,Wales,Harry Kane,Center Forward,1,47,16,Regular Play,Open Play,Right Foot,Normal,False,False,False,0.030065771,Blocked,False
wc2022,3857261,2022-11-29,Group Stage,England,Wales,John Stones,Right Center Back,1,47,55,From Corner,Open Play,Head,Normal,False,True,False,0.006450981,Saved,False
wc2022,3857261,2022-11-29,Group Stage,Wales,England,Joe Allen,Right Defensive Midfield,1,49,36,From Throw In,Open Play,Left Foot,Normal,False,False,False,0.04109325,Off T,False
wc2022,3857261,2022-11-29,Group Stage,England,Wales,Marcus Rashford,Right Wing,2,49,17,From Free Kick,Free Kick,Right Foot,Normal,False,False,False,0.05780817,Goal,True
wc2022,3857261,2022-11-29,Group Stage,England,Wales,Phil Foden,Left Wing,2,50,53,Regular Play,Open Play,Left Foot,Normal,True,False,False,0.44030064,Goal,True
wc2022,3857261,2022-11-29,Group Stage,Wales,England,Kieffer Roberto Francisco Moore,Center Forward,2,55,7,From Counter,Open Play,Right Foot,Normal,False,False,False,0.00753591,Saved,False
wc2022,3857261,2022-11-29,Group Stage,England,Wales,Marcus Rashford,Right Wing,2,67,40,From Throw In,Open Play,Left Foot,Normal,False,False,False,0.096602984,Goal,True
wc2022,3857261,2022-11-29,Group Stage,England,Wales,Marcus Rashford,Right Wing,2,71,21,Regular Play,Open Play,Right Foot,Normal,True,False,False,0.13184288,Saved,False
wc2022,3857261,2022-11-29,Group Stage,Wales,England,Brennan Johnson,Right Wing,2,72,29,From Keeper,Open Play,Right Foot,Normal,False,False,False,0.02192258,Blocked,False
wc2022,3857261,2022-11-29,Group Stage,England,Wales,Jude Bellingham,Left Center Midfield,2,76,38,From Counter,Open Play,Right Foot,Normal,True,False,False,0.25030845,Saved,False
wc2022,3857261,2022-11-29,Group Stage,England,Wales,Jude Bellingham,Left Center Midfield,2,76,40,From Counter,Open Play,Left Foot,Normal,True,False,False,0.24362406,Wayward,False
wc2022,3857261,2022-11-29,Group Stage,England,Wales,Phil Foden,Left Wing,2,76,41,From Counter,Open Play,Left Foot,Half Volley,True,False,False,0.6100251,Off T,False
wc2022,3857261,2022-11-29,Group Stage,Wales,England,Harry Wilson,Left Wing,2,82,59,From Free Kick,Free Kick,Left Foot,Normal,False,False,False,0.031328887,Blocked,False
wc2022,3857261,2022-11-29,Group Stage,Wales,England,Rubin Colwill,Right Defensive Midfield,2,83,41,From Throw In,Open Play,Right Foot,Normal,True,False,False,0.025066664,Off T,False
wc2022,3857261,2022-11-29,Group Stage,Wales,England,Kieffer Roberto Francisco Moore,Center Forward,2,86,15,Regular Play,Open Play,Right Foot,Normal,False,False,False,0.058446433,Off T,False
wc2022,3857261,2022-11-29,Group Stage,England,Wales,John Stones,Right Center Back,2,90,53,From Corner,Open Play,Left Foot,Half Volley,True,True,False,0.45507616,Post,False
wc2022,3857261,2022-11-29,Group Stage,England,Wales,Phil Foden,Right Wing,2,93,25,From Free Kick,Open Play,Left Foot,Normal,True,False,False,0.09753507,Blocked,False
wc2022,3857290,2022-11-24,Group Stage,Cameroon,Switzerland,Bryan Mbeumo,Right Wing,1,9,36,Regular Play,Open Play,Left Foot,Normal,True,False,False,0.016072592,Saved,False
wc2022,3857290,2022-11-24,Group Stage,Cameroon,Switzerland,Karl Brillant Toko Ekambi,Left Wing,1,9,38,Regular Play,Open Play,Right Foot,Half Volley,True,False,False,0.15900026,Off T,False
wc2022,3857290,2022-11-24,Group Stage,Switzerland,Cameroon,Granit Xhaka,Left Defensive Midfield,1,11,18,Regular Play,Open Play,Left Foot,Normal,False,False,False,0.012105021,Off T,False
wc2022,3857290,2022-11-24,Group Stage,Cameroon,Switzerland,Ngoran Suiru Fai Collins,Right Back,1,25,42,Regular Play,Open Play,Right Foot,Normal,False,False,False,0.009452554,Off T,False
wc2022,3857290,2022-11-24,Group Stage,Cameroon,Switzerland,Martin Hongla Yma II,Left Center Midfield,1,29,7,Regular Play,Open Play,Right Foot,Normal,False,True,True,0.08237888,Saved,False
wc2022,3857290,2022-11-24,Group Stage,Switzerland,Cameroon,Nico Elvedi,Left Center Back,1,39,41,From Corner,Open Play,Head,Normal,False,True,False,0.19001445,Off T,False
wc2022,3857290,2022-11-24,Group Stage,Cameroon,Switzerland,Jean-Eric Maxim Choupo-Moting,Center Forward,1,40,49,From Goal Kick,Open Play,Right Foot,Normal,False,False,False,0.041722767,Blocked,False
wc2022,3857290,2022-11-24,Group Stage,Switzerland,Cameroon,Manuel Obafemi Akanji,Right Center Back,1,45,50,From Corner,Open Play,Head,Normal,False,False,False,0.15555824,Off T,False
wc2022,3857290,2022-11-24,Group Stage,Switzerland,Cameroon,Breel-Donald Embolo,Center Forward,2,47,33,From Throw In,Open Play,Right Foot,Normal,True,True,False,0.55189455,Goal,True
wc2022,3857290,2022-11-24,Group Stage,Cameroon,Switzerland,Nicolas Alexis Julio N'Koulou Ndoubena,Left Center Back,2,49,37,From Free Kick,Open Play,Head,Normal,False,False,False,0.24569963,Saved,False
wc2022,3857290,2022-11-24,Group Stage,Cameroon,Switzerland,Jean-Eric Maxim Choupo-Moting,Center Forward,2,56,31,Regular Play,Open Play,Right Foot,Normal,False,False,False,0.0123953605,Saved,False
wc2022,3857290,2022-11-24,Group Stage,Cameroon,Switzerland,André-Frank Zambo Anguissa,Right Center Midfield,2,65,26,From Free Kick,Open Play,Head,Normal,False,True,False,0.046351306,Saved,False
wc2022,3857290,2022-11-24,Group Stage,Switzerland,Cameroon,Ruben Vargas,Left Wing,2,65,50,From Keeper,Open Play,Right Foot,Normal,True,False,False,0.1977995,Saved,False
wc2022,3857290,2022-11-24,Group Stage,Switzerland,Cameroon,Granit Xhaka,Left Defensive Midfield,2,88,2,Regular Play,Open Play,Left Foot,Normal,False,False,False,0.048882935,Saved,False
wc2022,3857290,2022-11-24,Group Stage,Switzerland,Cameroon,Haris Seferović,Center Forward,2,94,52,From Throw In,Open Play,Left Foot,Normal,False,False,False,0.27028984,Blocked,False
wc2022,3857298,2022-11-24,Group Stage,Portugal,Ghana,Otávio Edmilson da Silva Monteiro,Left Center Midfield,1,4,10,From Corner,Open Play,Right Foot,Volley,True,False,False,0.02513017,Off T,False
wc2022,3857298,2022-11-24,Group Stage,Portugal,Ghana,Rúben Diogo Da Silva Neves,Center Defensive Midfield,1,5,47,Regular Play,Open Play,Right Foot,Normal,True,False,False,0.07171052,Blocked,False
wc2022,3857298,2022-11-24,Group Stage,Portugal,Ghana,Cristiano Ronaldo dos Santos Aveiro,Center Forward,1,9,27,Regular Play,Open Play,Right Foot,Normal,False,False,True,0.4577736,Saved,False
wc2022,3857298,2022-11-24,Group Stage,Portugal,Ghana,Cristiano Ronaldo dos Santos Aveiro,Center Forward,1,12,26,From Corner,Open Play,Head,Normal,False,True,False,0.2074416,Off T,False
wc2022,3857298,2022-11-24,Group Stage,Portugal,Ghana,João Félix Sequeira,Left Wing,1,27,31,From Free Kick,Open Play,Left Foot,Normal,True,False,False,0.07848694,Off T,False
wc2022,3857298,2022-11-24,Group Stage,Portugal,Ghana,Otávio Edmilson da Silva Monteiro,Left Center Midfield,1,35,37,From Throw In,Open Play,Right Foot,Normal,False,False,False,0.045895047,Saved,False
wc2022,3857298,2022-11-24,Group Stage,Portugal,Ghana,Cristiano Ronaldo dos Santos Aveiro,Center Forward,1,41,16,Regular Play,Open Play,Left Foot,Normal,True,False,False,0.030432492,Blocked,False
wc2022,3857298,2022-11-24,Group Stage,Ghana,Portugal,Alidu Seidu,Right Wing Back,2,53,2,From Corner,Open Play,Left Foot,Half Volley,True,False,False,0.015372672,Off T,False
wc2022,3857298,2022-11-24,Group Stage,Ghana,Portugal,Mohammed Kudus,Left Center Midfield,2,54,33,From Free Kick,Open Play,Left Foot,Normal,False,False,False,0.030134441,Off T,False
wc2022,3857298,2022-11-24,Group Stage,Portugal,Ghana,Cristiano Ronaldo dos Santos Aveiro,Center Forward,2,64,20,Other,Penalty,Right Foot,Normal,False,False,False,0.7835,Goal,True
wc2022,3857298,2022-11-24,Group Stage,Ghana,Portugal,Iñaki Williams Arthuer,Left Center Forward,2,66,27,From Throw In,Open Play,Right Foot,Normal,False,False,False,0.020453067,Blocked,False
wc2022,3857298,2022-11-24,Group Stage,Ghana,Portugal,Thomas Teye Partey,Right Center Midfield,2,68,1,Regular Play,Open Play,Right Foot,Normal,False,True,False,0.021057075,Off T,False
wc2022,3857298,2022-11-24,Group Stage,Ghana,Portugal,Mohammed Kudus,Left Center Midfield,2,71,38,Regular Play,Open Play,Left Foot,Half Volley,False,False,False,0.02159481,Saved,False
wc2022,3857298,2022-11-24,Group Stage,Ghana,Portugal,André Ayew Pelé,Right Center Forward,2,72,11,Regular Play,Open Play,Right Foot,Half Volley,True,False,False,0.48524466,Goal,True
wc2022,3857298,2022-11-24,Group Stage,Portugal,Ghana,João Félix Sequeira,Right Wing,2,77,6,Regular Play,Open Play,Right Foot,Normal,False,False,True,0.21504128,Goal,True
wc2022,3857298,2022-11-24,Group Stage,Portugal,Ghana,Rafael Alexandre Conceição Leão,Left Wing,2,79,21,Regular Play,Open Play,Right Foot,Normal,True,False,False,0.15539157,Goal,True
wc2022,3857298,2022-11-24,Group Stage,Ghana,Portugal,Osman Bukari,Right Center Forward,2,88,28,From Throw In,Open Play,Head,Normal,False,False,False,0.15547352,Goal,True
wc2022,3857298,2022-11-24,Group Stage,Ghana,Portugal,Mohamed Salisu,Left Center Back,2,91,13,From Free Kick,Open Play,Head,Normal,False,True,False,0.02431712,Off T,False
wc2022,3857298,2022-11-24,Group Stage,Portugal,Ghana,Rafael Alexandre Conceição Leão,Left Wing,2,95,4,Regular Play,Open Play,Right Foot,Normal,False,False,False,0.026070174,Blocked,False
wc2022,3857298,2022-11-24,Group Stage,Ghana,Portugal,Osman Bukari,Right Midfield,2,97,33,From Throw In,Open Play,Right Foot,Normal,False,False,False,0.0063759447,Off T,False
wc2022,3857285,2022-11-21,Group Stage,Senegal,Netherlands,Boulaye Dia,Center Forward,1,0,45,Regular Play,Open Play,Left Foot,Half Volley,False,False,False,0.034865376,Blocked,False
wc2022,3857285,2022-11-21,Group Stage,Netherlands,Senegal,Vincent Janssen,Right Center Forward,1,3,55,From Throw In,Open Play,Left Foot,Normal,True,False,False,0.12169348,Blocked,False
wc2022,3857285,2022-11-21,Group Stage,Senegal,Netherlands,Ismaïla Sarr,Left Wing,1,8,48,Regular Play,Open Play,Left Foot,Normal,False,True,False,0.059537582,Off T,False
wc2022,3857285,2022-11-21,Group Stage,Netherlands,Senegal,Daley Blind,Left Wing Back,1,16,18,From Throw In,Open Play,Head,Normal,False,True,False,0.04866169,Off T,False
wc2022,3857285,2022-11-21,Group Stage,Netherlands,Senegal,Vincent Janssen,Right Center Forward,1,18,51,From Throw In,Open Play,Left Foot,Normal,False,True,False,0.03382374,Blocked,False
wc2022,3857285,2022-11-21,Group Stage,Senegal,Netherlands,Ismaïla Sarr,Left Wing,1,24,39,From Free Kick,Open Play,Right Foot,Normal,False,False,False,0.034923773,Blocked,False
wc2022,3857285,2022-11-21,Group Stage,Netherlands,Senegal,Virgil van Dijk,Center Back,1,26,38,From Corner,Open Play,Head,Normal,False,True,False,0.045367446,Off T,False
wc2022,3857285,2022-11-21,Group Stage,Senegal,Netherlands,Idrissa Gana Gueye,Center Attacking Midfield,1,28,20,From Free Kick,Open Play,Right Foot,Normal,False,False,False,0.025139945,Blocked,False
wc2022,3857285,2022-11-21,Group Stage,Senegal,Netherlands,Krépin Diatta,Right Wing,1,28,35,From Free Kick,Open Play,Left Foot,Normal,False,False,False,0.03131155,Off T,False
wc2022,3857285,2022-11-21,Group Stage,Senegal,Netherlands,Youssouf Sabaly,Right Back,1,32,51,From Throw In,Open Play,Right Foot,Normal,False,False,False,0.0068181115,Saved,False
wc2022,3857285,2022-11-21,Group Stage,Netherlands,Senegal,Steven Berghuis,Right Defensive Midfield,1,39,17,Regular Play,Open Play,Left Foot,Volley,False,False,False,0.030127633,Off T,False
wc2022,3857285,2022-11-21,Group Stage,Netherlands,Senegal,Virgil van Dijk,Center Back,2,52,40,From Corner,Open Play,Head,Normal,False,True,False,0.06871433,Off T,False
wc2022,3857285,2022-11-21,Group Stage,Senegal,Netherlands,Youssouf Sabaly,Right Back,2,53,58,From Throw In,Open Play,Right Foot,Normal,False,False,False,0.011074076,Blocked,False
wc2022,3857285,2022-11-21,Group Stage,Senegal,Netherlands,Krépin Diatta,Right Wing,2,57,53,Regular Play,Open Play,Right Foot,Half Volley,True,False,False,0.058196757,Wayward,False
wc2022,3857285,2022-11-21,Group Stage,Netherlands,Senegal,Steven Berghuis,Right Defensive Midfield,2,59,9,From Goal Kick,Open Play,Left Foot,Normal,False,False,False,0.038496487,Blocked,False
wc2022,3857285,2022-11-21,Group Stage,Senegal,Netherlands,Boulaye Dia,Center Forward,2,64,40,From Free Kick,Open Play,Right Foot,Normal,True,False,False,0.04221427,Saved,False
wc2022,3857285,2022-11-21,Group Stage,Senegal,Netherlands,Idrissa Gana Gueye,Left Center Midfield,2,72,34,Regular Play,Open Play,Right Foot,Half Volley,False,True,False,0.06520781,Saved,False
wc2022,3857285,2022-11-21,Group Stage,Senegal,Netherlands,Cheikh Ahmadou Bamba Mbacke Dieng,Center Forward,2,74,59,Regular Play,Open Play,Left Foot,Half Volley,True,False,False,0.07416881,Off T,False
wc2022,3857285,2022-11-21,Group Stage,Senegal,Netherlands,Ismaïla Sarr,Left Wing,2,81,24,Regular Play,Open Play,Head,Normal,False,True,False,0.06430619,Off T,False
wc2022,3857285,2022-11-21,Group Stage,Netherlands,Senegal,Cody Mathès Gakpo,Right Center Forward,2,83,50,Regular Play,Open Play,Head,Normal,False,False,True,0.28603274,Goal,True
wc2022,3857285,2022-11-21,Group Stage,Senegal,Netherlands,Pape Gueye,Right Center Midfield,2,85,51,From Throw In,Open Play,Left Foot,Normal,False,False,False,0.008650101,Saved,False
wc2022,3857285,2022-11-21,Group Stage,Senegal,Netherlands,Ismail Jakobs,Left Back,2,91,0,Regular Play,Open Play,Left Foot,Half Volley,True,False,False,0.014392905,Off T,False
wc2022,3857285,2022-11-21,Group Stage,Senegal,Netherlands,Cheikh Ahmadou Bamba Mbacke Dieng,Center Forward,2,92,55,From Throw In,Open Play,Head,Normal,False,False,True,0.16068545,Off T,False
wc2022,3857285,2022-11-21,Group Stage,Netherlands,Senegal,Memphis Depay,Center Forward,2,98,16,Regular Play,Open Play,Left Foot,Normal,False,False,False,0.102816984,Saved,False
wc2022,3857285,2022-11-21,Group Stage,Netherlands,Senegal,Davy Klaassen,Left Attacking Midfield,2,98,18,Regular Play,Open Play,Left Foot,Normal,True,False,False,0.34814927,Goal,True
wc2022,3857282,2022-11-21,Group Stage,United States,Wales,Joshua Sargent,Center Forward,1,9,2,From Throw In,Open Play,Head,Normal,False,False,False,0.25332773,Post,False
wc2022,3857282,2022-11-21,Group Stage,Wales,United States,Ethan Ampadu,Center Defensive Midfield,1,13,45,From Free Kick,Open Play,Right Foot,Half Volley,False,False,False,0.013776194,Off T,False
wc2022,3857282,2022-11-21,Group Stage,United States,Wales,Sergino Dest,Right Back,1,28,29,From Throw In,Open Play,Right Foot,Normal,False,False,False,0.0066337776,Off T,False
wc2022,3857282,2022-11-21,Group Stage,United States,Wales,Timothy Weah,Right Wing,1,35,12,From Counter,Open Play,Right Foot,Normal,True,True,False,0.20100605,Goal,True
wc2022,3857282,2022-11-21,Group Stage,Wales,United States,Ben Davies,Left Center Back,1,44,29,From Corner,Open Play,Head,Normal,False,True,False,0.14399761,Off T,False
wc2022,3857282,2022-11-21,Group Stage,Wales,United States,Kieffer Roberto Francisco Moore,Left Center Forward,2,60,3,From Free Kick,Open Play,Left Foot,Half Volley,False,False,False,0.032130886,Blocked,False
wc2022,3857282,2022-11-21,Group Stage,Wales,United States,Ben Davies,Left Center Back,2,63,54,From Free Kick,Open Play,Head,Diving Header,False,False,False,0.18666926,Saved,False
wc2022,3857282,2022-11-21,Group Stage,Wales,United States,Kieffer Roberto Francisco Moore,Left Center Forward,2,64,34,From Corner,Open Play,Head,Normal,False,False,False,0.19270518,Off T,False
wc2022,3857282,2022-11-21,Group Stage,United States,Wales,Haji Wright,Center Forward,2,74,48,Regular Play,Open Play,Head,Normal,False,True,False,0.027433796,Off T,False
wc2022,3857282,2022-11-21,Group Stage,United States,Wales,Brenden Aaronson,Right Center Midfield,2,76,33,From Corner,Open Play,Head,Normal,False,True,False,0.09428854,Off T,False
wc2022,3857282,2022-11-21,Group Stage,Wales,United States,Gareth Frank Bale,Left Center Forward,2,81,33,Other,Penalty,Left Foot,Normal,False,False,False,0.7835,Goal,True
wc2022,3857282,2022-11-21,Group Stage,Wales,United States,Brennan Johnson,Right Midfield,2,88,36,From Counter,Open Play,Right Foot,Normal,False,False,False,0.042556882,Saved,False
wc2022,3857282,2022-11-21,Group Stage,United States,Wales,Tyler Adams,Center Defensive Midfield,2,91,13,From Free Kick,Open Play,Right Foot,Half Volley,False,False,False,0.019808901,Blocked,False
wc2022,3857297,2022-11-26,Group Stage,Saudi Arabia,Poland,Mohammed Al Burayk,Left Back,1,7,5,From Goal Kick,Open Play,Right Foot,Normal,False,False,False,0.012477021,Blocked,False
wc2022,3857297,2022-11-26,Group Stage,Saudi Arabia,Poland,Mohammed Kanoo,Right Defensive Midfield,1,12,17,From Free Kick,Open Play,Right Foot,Normal,True,False,False,0.03839731,Saved,False
wc2022,3857297,2022-11-26,Group Stage,Poland,Saudi Arabia,Krystian Bielik,Right Defensive Midfield,1,25,36,From Corner,Open Play,Head,Normal,False,True,False,0.075333446,Blocked,False
wc2022,3857297,2022-11-26,Group Stage,Saudi Arabia,Poland,Saleh Khalid Al Shehri,Center Forward,1,32,3,From Throw In,Open Play,Head,Normal,False,False,False,0.044610713,Wayward,False
wc2022,3857297,2022-11-26,Group Stage,Poland,Saudi Arabia,Piotr Zieliński,Center Attacking Midfield,1,38,57,From Goal Kick,Open Play,Right Foot,Half Volley,True,False,False,0.23496674,Goal,True
wc2022,3857297,2022-11-26,Group Stage,Poland,Saudi Arabia,Robert Lewandowski,Center Forward,1,40,16,Regular Play,Open Play,Right Foot,Half Volley,False,False,True,0.009729679,Wayward,False
wc2022,3857297,2022-11-26,Group Stage,Saudi Arabia,Poland,Salem Mohammed Al Dawsari,Left Wing,1,45,35,Other,Penalty,Right Foot,Normal,False,False,False,0.7835,Saved,False
wc2022,3857297,2022-11-26,Group Stage,Saudi Arabia,Poland,Mohammed Al Burayk,Left Back,1,45,37,Other,Open Play,Right Foot,Normal,True,False,False,0.35719204,Saved,False
wc2022,3857297,2022-11-26,Group Stage,Saudi Arabia,Poland,Saud Abdullah Abdul Hamid,Left Back,2,50,48,From Corner,Open Play,Right Foot,Normal,False,False,False,0.005913877,Blocked,False
wc2022,3857297,2022-11-26,Group Stage,Saudi Arabia,Poland,Mohammed Kanoo,Right Defensive Midfield,2,50,53,From Corner,Open Play,Right Foot,Overhead Kick,True,False,False,0.03705331,Off T,False
wc2022,3857297,2022-11-26,Group Stage,Saudi Arabia,Poland,Salem Mohammed Al Dawsari,Left Wing,2,53,43,From Free Kick,Open Play,Right Foot,Normal,False,False,False,0.010959039,Off T,False
wc2022,3857297,2022-11-26,Group Stage,Saudi Arabia,Poland,Salem Mohammed Al Dawsari,Left Wing,2,54,34,Regular Play,Open Play,Left Foot,Normal,False,False,False,0.16438472,Saved,False
wc2022,3857297,2022-11-26,Group Stage,Saudi Arabia,Poland,Abdulelah Saad Hameed Al-Malki,Left Defensive Midfield,2,54,36,Regular Play,Open Play,Right Foot,Volley,True,False,False,0.0391187,Off T,False
wc2022,3857297,2022-11-26,Group Stage,Saudi Arabia,Poland,Firas Tariq Nasser Al Albirakan,Right Wing,2,59,26,From Goal Kick,Open Play,Left Foot,Normal,False,True,True,0.11089649,Off T,False
wc2022,3857297,2022-11-26,Group Stage,Saudi Arabia,Poland,Mohammed Kanoo,Right Defensive Midfield,2,60,4,Regular Play,Open Play,Right Foot,Normal,True,False,False,0.07597345,Off T,False
wc2022,3857297,2022-11-26,Group Stage,Poland,Saudi Arabia,Arkadiusz Milik,Left Midfield,2,62,31,From Goal Kick,Open Play,Head,Normal,False,False,False,0.13519733,Post,False
wc2022,3857297,2022-11-26,Group Stage,Poland,Saudi Arabia,Robert Lewandowski,Right Center Forward,2,65,1,From Free Kick,Open Play,Other,Normal,False,False,False,0.25903136,Post,False
wc2022,3857297,2022-11-26,Group Stage,Saudi Arabia,Poland,Nawaf Shaker Al Abid,Center Attacking Midfield,2,67,52,From Free Kick,Free Kick,Left Foot,Normal,False,False,False,0.0660456,Blocked,False
wc2022,3857297,2022-11-26,Group Stage,Saudi Arabia,Poland,Salem Mohammed Al Dawsari,Left Wing,2,68,29,From Free Kick,Open Play,Right Foot,Normal,False,False,False,0.03677261,Saved,False
wc2022,3857297,2022-11-26,Group Stage,Poland,Saudi Arabia,Robert Lewandowski,Right Center Forward,2,72,28,From Throw In,Open Play,Right Foot,Normal,True,False,False,0.09536816,Blocked,False
wc2022,3857297,2022-11-26,Group Stage,Saudi Arabia,Poland,Abdulelah Saad Hameed Al-Malki,Left Defensive Midfield,2,77,50,Regular Play,Open Play,Left Foot,Normal,True,False,False,0.10027991,Off T,False
wc2022,3857297,2022-11-26,Group Stage,Poland,Saudi Arabia,Krzysztof Piątek,Left Center Forward,2,80,55,From Free Kick,Open Play,Head,Normal,False,True,False,0.02819521,Off T,False
wc2022,3857297,2022-11-26,Group Stage,Poland,Saudi Arabia,Robert Lewandowski,Right Center Forward,2,81,28,From Goal Kick,Open Play,Left Foot,Normal,False,False,True,0.47824246,Goal,True
wc2022,3857297,2022-11-26,Group Stage,Saudi Arabia,Poland,Abdulrahman Al-Obood,Right Wing,2,86,25,Regular Play,Open Play,Head,Normal,False,True,False,0.041744728,Off T,False
wc2022,3857297,2022-11-26,Group Stage,Poland,Saudi Arabia,Robert Lewandowski,Right Center Forward,2,89,28,From Free Kick,Open Play,Right Foot,Lob,False,False,True,0.4181081,Saved,False
wc2022,3857297,2022-11-26,Group Stage,Saudi Arabia,Poland,Mohammed Kanoo,Right Defensive Midfield,2,95,43,From Throw In,Open Play,Right Foot,Normal,False,False,False,0.046656966,Off T,False
wc2022,3857294,2022-11-29,Group Stage,Netherlands,Qatar,Memphis Depay,Left Center Forward,1,0,33,From Kick Off,Open Play,Right Foot,Half Volley,True,False,False,0.04113277,Off T,False
wc2022,3857294,2022-11-29,Group Stage,Qatar,Netherlands,Hassan Khalid Al Heidos,Right Center Midfield,1,2,44,Regular Play,Open Play,Right Foot,Normal,False,False,False,0.015712837,Saved,False
wc2022,3857294,2022-11-29,Group Stage,Netherlands,Qatar,Daley Blind,Left Wing Back,1,3,20,Regular Play,Open Play,Right Foot,Normal,True,False,False,0.10723932,Saved,False
wc2022,3857294,2022-11-29,Group Stage,Netherlands,Qatar,Daley Blind,Left Wing Back,1,3,22,Regular Play,Open Play,Right Foot,Volley,True,True,False,0.042171385,Off T,False
wc2022,3857294,2022-11-29,Group Stage,Netherlands,Qatar,Cody Mathès Gakpo,Right Center Forward,1,6,50,Regular Play,Open Play,Right Foot,Normal,False,True,False,0.023612352,Blocked,False
wc2022,3857294,2022-11-29,Group Stage,Netherlands,Qatar,Frenkie de Jong,Left Defensive Midfield,1,13,57,From Throw In,Open Play,Right Foot,Normal,False,False,False,0.032602046,Blocked,False
wc2022,3857294,2022-11-29,Group Stage,Netherlands,Qatar,Memphis Depay,Left Center Forward,1,13,59,From Throw In,Open Play,Right Foot,Half Volley,True,False,False,0.14338174,Off T,False
wc2022,3857294,2022-11-29,Group Stage,Netherlands,Qatar,Davy Klaassen,Center Attacking Midfield,1,18,14,From Corner,Open Play,Head,Normal,False,True,False,0.08364612,Off T,False
wc2022,3857294,2022-11-29,Group Stage,Qatar,Netherlands,Abdelkarim Hassan Al Haj Fadlalla,Left Center Back,1,24,6,From Corner,Open Play,Right Foot,Volley,True,False,False,0.067132466,Off T,False
wc2022,3857294,2022-11-29,Group Stage,Netherlands,Qatar,Memphis Depay,Left Center Forward,1,25,15,Regular Play,Open Play,Right Foot,Normal,False,True,False,0.0753362,Blocked,False
wc2022,3857294,2022-11-29,Group Stage,Netherlands,Qatar,Cody Mathès Gakpo,Right Center Forward,1,25,55,From Goal Kick,Open Play,Right Foot,Normal,False,True,False,0.14035599,Goal,True
wc2022,3857294,2022-11-29,Group Stage,Qatar,Netherlands,Ismaeel Mohammad Mohammad,Right Wing Back,1,28,31,From Throw In,Open Play,Right Foot,Normal,False,True,False,0.03016361,Saved,False
wc2022,3857294,2022-11-29,Group Stage,Netherlands,Qatar,Memphis Depay,Left Center Forward,1,47,52,Regular Play,Open Play,Right Foot,Half Volley,True,False,False,0.029451067,Off T,False
wc2022,3857294,2022-11-29,Group Stage,Netherlands,Qatar,Memphis Depay,Left Center Forward,2,48,53,From Goal Kick,Open Play,Right Foot,Volley,False,True,True,0.2959347,Saved,False
wc2022,3857294,2022-11-29,Group Stage,Netherlands,Qatar,Frenkie de Jong,Left Defensive Midfield,2,48,55,From Goal Kick,Open Play,Right Foot,Half Volley,True,False,False,0.6883914,Goal,True
wc2022,3857294,2022-11-29,Group Stage,Qatar,Netherlands,Abdulaziz Hatem Mohammed Abdullah,Right Center Midfield,2,76,12,Regular Play,Open Play,Right Foot,Normal,False,False,False,0.024495702,Saved,False
wc2022,3857294,2022-11-29,Group Stage,Qatar,Netherlands,Pedro Miguel Correia,Right Center Back,2,87,32,From Free Kick,Open Play,Right Foot,Normal,False,False,False,0.00621196,Off T,False
wc2022,3857294,2022-11-29,Group Stage,Netherlands,Qatar,Steven Berghuis,Center Attacking Midfield,2,91,22,Regular Play,Open Play,Left Foot,Normal,False,False,False,0.010698183,Post,False
wc2022,3857266,2022-11-26,Group Stage,France,Denmark,Ousmane Dembélé,Right Wing,1,5,21,Regular Play,Open Play,Right Foot,Normal,False,False,False,0.04759094,Blocked,False
wc2022,3857266,2022-11-26,Group Stage,France,Denmark,Adrien Rabiot,Left Defensive Midfield,1,9,9,From Throw In,Open Play,Head,Normal,False,True,False,0.10936305,Blocked,False
wc2022,3857266,2022-11-26,Group Stage,France,Denmark,Raphaël Varane,Right Center Back,1,12,34,From Corner,Open Play,Head,Normal,False,True,False,0.0425816,Wayward,False
wc2022,3857266,2022-11-26,Group Stage,France,Denmark,Olivier Giroud,Center Forward,1,14,53,Regular Play,Open Play,Head,Normal,False,True,False,0.11903284,Wayward,False
wc2022,3857266,2022-11-26,Group Stage,France,Denmark,Adrien Rabiot,Left Defensive Midfield,1,20,18,From Free Kick,Open Play,Head,Normal,False,False,False,0.04225832,Saved,False
wc2022,3857266,2022-11-26,Group Stage,France,Denmark,Jules Koundé,Right Back,1,29,53,From Goal Kick,Open Play,Right Foot,Half Volley,False,True,False,0.02881258,Blocked,False
wc2022,3857266,2022-11-26,Group Stage,France,Denmark,Antoine Griezmann,Center Attacking Midfield,1,32,48,From Counter,Open Play,Left Foot,Normal,False,True,True,0.010852635,Saved,False
wc2022,3857266,2022-11-26,Group Stage,France,Denmark,Aurélien Djani Tchouaméni,Right Defensive Midfield,1,32,52,Regular Play,Open Play,Right Foot,Normal,True,False,False,0.054124165,Blocked,False
wc2022,3857266,2022-11-26,Group Stage,France,Denmark,Ousmane Dembélé,Right Wing,1,32,55,From Counter,Open Play,Left Foot,Volley,False,False,False,0.046849832,Blocked,False
wc2022,3857266,2022-11-26,Group Stage,France,Denmark,Adrien Rabiot,Left Defensive Midfield,1,33,36,Regular Play,Open Play,Left Foot,Normal,False,False,False,0.02230111,Blocked,False
wc2022,3857266,2022-11-26,Group Stage,Denmark,France,Andreas Evald Cornelius,Center Forward,1,35,17,From Counter,Open Play,Right Foot,Normal,True,False,False,0.048269883,Off T,False
wc2022,3857266,2022-11-26,Group Stage,France,Denmark,Olivier Giroud,Center Forward,1,36,33,From Goal Kick,Open Play,Head,Normal,False,True,False,0.045027424,Off T,False
wc2022,3857266,2022-11-26,Group Stage,France,Denmark,Kylian Mbappé Lottin,Left Wing,1,39,33,Regular Play,Open Play,Right Foot,Normal,True,False,False,0.18605462,Off T,False
wc2022,3857266,2022-11-26,Group Stage,Denmark,France,Christian Dannemann Eriksen,Left Defensive Midfield,1,44,43,Regular Play,Open Play,Right Foot,Normal,False,False,False,0.006951803,Off T,False
wc2022,3857266,2022-11-26,Group Stage,France,Denmark,Kylian Mbappé Lottin,Left Wing,1,47,25,From Throw In,Open Play,Right Foot,Normal,False,False,False,0.011081066,Blocked,False
wc2022,3857266,2022-11-26,Group Stage,France,Denmark,Kylian Mbappé Lottin,Left Wing,2,55,59,Regular Play,Open Play,Left Foot,Normal,False,False,False,0.03630777,Saved,False
wc2022,3857266,2022-11-26,Group Stage,France,Denmark,Antoine Griezmann,Center Attacking Midfield,2,59,2,From Throw In,Open Play,Left Foot,Half Volley,False,False,True,0.21733604,Off T,False
wc2022,3857266,2022-11-26,Group Stage,France,Denmark,Kylian Mbappé Lottin,Left Wing,2,60,25,Regular Play,Open Play,Right Foot,Half Volley,True,False,False,0.08505598,Goal,True
wc2022,3857266,2022-11-26,Group Stage,Denmark,France,Joachim Andersen,Right Center Back,2,67,14,From Corner,Open Play,Head,Normal,False,True,False,0.082872435,Wayward,False
wc2022,3857266,2022-11-26,Group Stage,Denmark,France,Andreas Christensen,Center Back,2,67,15,From Corner,Open Play,Head,Normal,False,False,False,0.25384808,Goal,True
wc2022,3857266,2022-11-26,Group Stage,Denmark,France,Jesper Lindstrøm,Right Wing,2,72,21,From Keeper,Open Play,Right Foot,Normal,True,False,False,0.18929456,Saved,False
wc2022,3857266,2022-11-26,Group Stage,Denmark,France,Christian Dannemann Eriksen,Left Defensive Midfield,2,73,18,From Corner,Open Play,Left Foot,Normal,False,False,False,0.0264413,Blocked,False
wc2022,3857266,2022-11-26,Group Stage,France,Denmark,Aurélien Djani Tchouaméni,Right Defensive Midfield,2,77,38,From Corner,Open Play,Head,Diving Header,False,False,False,0.22405402,Blocked,False
wc2022,3857266,2022-11-26,Group Stage,France,Denmark,Jules Koundé,Right Back,2,78,21,From Corner,Open Play,Head,Normal,False,True,False,0.106879756,Off T,False
wc2022,3857266,2022-11-26,Group Stage,France,Denmark,Adrien Rabiot,Left Defensive Midfield,2,79,3,From Corner,Open Play,Left Foot,Overhead Kick,True,False,False,0.080693014,Off T,False
wc2022,3857266,2022-11-26,Group Stage,Denmark,France,Martin Braithwaite Christensen,Center Forward,2,80,16,From Throw In,Open Play,Right Foot,Normal,True,False,False,0.23786028,Post,False
wc2022,3857266,2022-11-26,Group Stage,Denmark,France,Pierre-Emile Højbjerg,Right Defensive Midfield,2,83,58,Regular Play,Open Play,Right Foot,Normal,True,False,False,0.015153575,Off T,False
wc2022,3857266,2022-11-26,Group Stage,France,Denmark,Kylian Mbappé Lottin,Left Wing,2,85,9,From Goal Kick,Open Play,Other,Normal,True,False,False,0.38353118,Goal,True
wc2022,3857266,2022-11-26,Group Stage,Denmark,France,Joachim Andersen,Right Center Back,2,88,18,From Throw In,Open Play,Left Foot,Normal,False,False,False,0.014218964,Blocked,False
wc2022,3857266,2022-11-26,Group Stage,France,Denmark,Kylian Mbappé Lottin,Left Wing,2,90,18,Regular Play,Open Play,Right Foot,Half Volley,True,False,False,0.033781487,Saved,False
wc2022,3857266,2022-11-26,Group Stage,Denmark,France,Joakim Mæhle,Left Wing Back,2,96,37,From Throw In,Open Play,Right Foot,Half Volley,True,False,False,0.013632962,Off T,False
wc2022,3857284,2022-11-23,Group Stage,Germany,Japan,Joshua Kimmich,Right Defensive Midfield,1,13,18,From Throw In,Open Play,Right Foot,Normal,False,False,False,0.022911863,Blocked,False
wc2022,3857284,2022-11-23,Group Stage,Germany,Japan,Antonio Rüdiger,Right Center Back,1,15,59,From Corner,Open Play,Head,Normal,False,True,False,0.026021937,Off T,False
wc2022,3857284,2022-11-23,Group Stage,Germany,Japan,Joshua Kimmich,Right Defensive Midfield,1,19,49,Regular Play,Open Play,Right Foot,Normal,True,True,False,0.05193508,Saved,False
wc2022,3857284,2022-11-23,Group Stage,Germany,Japan,İlkay Gündoğan,Left Defensive Midfield,1,25,53,From Throw In,Open Play,Right Foot,Normal,False,False,False,0.042519,Blocked,False
wc2022,3857284,2022-11-23,Group Stage,Germany,Japan,İlkay Gündoğan,Left Defensive Midfield,1,27,31,From Throw In,Open Play,Right Foot,Normal,True,False,False,0.041637745,Saved,False
wc2022,3857284,2022-11-23,Group Stage,Germany,Japan,İlkay Gündoğan,Left Defensive Midfield,1,28,39,From Throw In,Open Play,Right Foot,Normal,True,False,False,0.12241382,Blocked,False
wc2022,3857284,2022-11-23,Group Stage,Germany,Japan,İlkay Gündoğan,Left Defensive Midfield,1,32,35,Other,Penalty,Right Foot,Normal,False,False,False,0.7835,Goal,True
wc2022,3857284,2022-11-23,Group Stage,Germany,Japan,Serge Gnabry,Right Wing,1,37,32,Regular Play,Open Play,Left Foot,Normal,False,False,False,0.028658802,Blocked,False
wc2022,3857284,2022-11-23,Group Stage,Germany,Japan,Jamal Musiala,Left Wing,1,37,47,Regular Play,Open Play,Right Foot,Normal,False,False,False,0.03933018,Blocked,False
wc2022,3857284,2022-11-23,Group Stage,Germany,Japan,İlkay Gündoğan,Left Defensive Midfield,1,40,37,From Free Kick,Open Play,Right Foot,Normal,False,False,False,0.031919174,Saved,False
wc2022,3857284,2022-11-23,Group Stage,Germany,Japan,Joshua Kimmich,Right Defensive Midfield,1,41,5,Regular Play,Open Play,Right Foot,Normal,True,False,False,0.05113006,Off T,False
wc2022,3857284,2022-11-23,Group Stage,Germany,Japan,Jamal Musiala,Left Wing,1,44,29,From Throw In,Open Play,Right Foot,Normal,False,False,False,0.06614002,Off T,False
wc2022,3857284,2022-11-23,Group Stage,Germany,Japan,Joshua Kimmich,Right Defensive Midfield,1,48,33,From Throw In,Open Play,Left Foot,Half Volley,True,False,False,0.047906045,Saved,False
wc2022,3857284,2022-11-23,Group Stage,Germany,Japan,Serge Gnabry,Right Wing,1,48,35,From Throw In,Open Play,Left Foot,Normal,True,False,False,0.21508263,Wayward,False
wc2022,3857284,2022-11-23,Group Stage,Japan,Germany,Daizen Maeda,Center Forward,1,50,28,From Free Kick,Open Play,Head,Normal,False,False,False,0.07710243,Off T,False
wc2022,3857284,2022-11-23,Group Stage,Germany,Japan,Serge Gnabry,Right Wing,2,46,34,From Free Kick,Open Play,Right Foot,Normal,False,False,False,0.013327111,Post,False
wc2022,3857284,2022-11-23,Group Stage,Japan,Germany,Daichi Kamada,Left Wing,2,49,41,Regular Play,Open Play,Right Foot,Normal,True,False,False,0.06444196,Blocked,False
wc2022,3857284,2022-11-23,Group Stage,Germany,Japan,Jamal Musiala,Left Wing,2,50,46,Regular Play,Open Play,Right Foot,Normal,False,False,False,0.15860753,Off T,False
wc2022,3857284,2022-11-23,Group Stage,Japan,Germany,Takuma Asano,Center Forward,2,57,6,Regular Play,Open Play,Head,Normal,False,True,False,0.06737846,Off T,False
wc2022,3857284,2022-11-23,Group Stage,Germany,Japan,İlkay Gündoğan,Left Defensive Midfield,2,59,14,From Free Kick,Open Play,Right Foot,Normal,False,False,False,0.10696415,Post,False
wc2022,3857284,2022-11-23,Group Stage,Japan,Germany,Takuma Asano,Center Forward,2,60,18,Regular Play,Open Play,Left Foot,Normal,False,False,False,0.06586899,Off T,False
wc2022,3857284,2022-11-23,Group Stage,Japan,Germany,Takuma Asano,Center Forward,2,65,30,From Throw In,Open Play,Left Foot,Normal,False,False,False,0.029970925,Blocked,False
wc2022,3857284,2022-11-23,Group Stage,Japan,Germany,Ko Itakura,Right Center Back,2,66,2,From Corner,Open Play,Head,Normal,False,False,False,0.034016185,Blocked,False
wc2022,3857284,2022-11-23,Group Stage,Japan,Germany,Takuma Asano,Center Forward,2,67,51,From Throw In,Open Play,Right Foot,Normal,False,True,False,0.0360808,Blocked,False
wc2022,3857284,2022-11-23,Group Stage,Germany,Japan,Jonas Hofmann,Right Wing,2,69,46,Regular Play,Open Play,Right Foot,Half Volley,True,False,False,0.32657883,Saved,False
wc2022,3857284,2022-11-23,Group Stage,Germany,Japan,Serge Gnabry,Left Wing,2,69,51,Regular Play,Open Play,Left Foot,Normal,False,False,False,0.02483029,Saved,False
wc2022,3857284,2022-11-23,Group Stage,Germany,Japan,Serge Gnabry,Left Wing,2,70,2,Regular Play,Open Play,Head,Normal,False,False,False,0.11167552,Saved,False
wc2022,3857284,2022-11-23,Group Stage,Germany,Japan,Serge Gnabry,Left Wing,2,70,4,Regular Play,Open Play,Right Foot,Normal,True,False,False,0.0550312,Saved,False
wc2022,3857284,2022-11-23,Group Stage,Japan,Germany,Junya Ito,Right Wing,2,72,39,From Free Kick,Open Play,Right Foot,Half Volley,False,False,False,0.06845111,Saved,False
wc2022,3857284,2022-11-23,Group Stage,Japan,Germany,Hiroki Sakai,Right Wing Back,2,72,40,From Free Kick,Open Play,Right Foot,Half Volley,True,False,False,0.28772855,Off T,False
wc2022,3857284,2022-11-23,Group Stage,Japan,Germany,Takumi Minamino,Left Wing,2,74,45,From Throw In,Open Play,Left Foot,Normal,True,False,False,0.013784891,Saved,False
wc2022,3857284,2022-11-23,Group Stage,Japan,Germany,Ritsu Doan,Right Wing,2,74,46,From Throw In,Open Play,Left Foot,Normal,True,False,False,0.4777511,Goal,True
wc2022,3857284,2022-11-23,Group Stage,Germany,Japan,Antonio Rüdiger,Right Center Back,2,79,46,From Corner,Open Play,Head,Normal,False,True,False,0.18550046,Off T,False
wc2022,3857284,2022-11-23,Group Stage,Japan,Germany,Takuma Asano,Center Forward,2,82,42,From Free Kick,Open Play,Right Foot,Normal,False,False,True,0.02668418,Goal,True
wc2022,3857284,2022-11-23,Group Stage,Germany,Japan,Niclas Füllkrug,Left Center Forward,2,89,16,From Throw In,Open Play,Head,Normal,False,True,False,0.031593546,Off T,False
wc2022,3857284,2022-11-23,Group Stage,Germany,Japan,Antonio Rüdiger,Right Center Back,2,93,50,From Throw In,Open Play,Right Foot,Normal,False,False,False,0.017847534,Off T,False
wc2022,3857284,2022-11-23,Group Stage,Germany,Japan,Leon Goretzka,Left Defensive Midfield,2,94,42,From Free Kick,Open Play,Right Foot,Half Volley,True,False,False,0.088851534,Off T,False
wc2022,3857284,2022-11-23,Group Stage,Germany,Japan,Niklas Süle,Right Back,2,97,16,From Free Kick,Open Play,Right Foot,Volley,False,False,False,0.07610536,Blocked,False
wc2022,3857254,2022-11-22,Group Stage,Tunisia,Denmark,Youssef Msakni,Left Wing,1,2,2,From Goal Kick,Open Play,Right Foot,Normal,False,False,False,0.023819994,Blocked,False
wc2022,3857254,2022-11-22,Group Stage,Tunisia,Denmark,Issam Jebali,Center Forward,1,4,10,Regular Play,Open Play,Left Foot,Normal,False,False,False,0.014059674,Blocked,False
wc2022,3857254,2022-11-22,Group Stage,Tunisia,Denmark,Mohamed Dräger,Right Wing Back,1,10,46,From Throw In,Open Play,Right Foot,Normal,False,False,False,0.033114884,Blocked,False
wc2022,3857254,2022-11-22,Group Stage,Tunisia,Denmark,Youssef Msakni,Left Wing,1,11,47,From Corner,Open Play,Head,Normal,False,False,False,0.04366076,Off T,False
wc2022,3857254,2022-11-22,Group Stage,Denmark,Tunisia,Kasper Dolberg,Left Center Forward,1,22,5,From Corner,Open Play,Right Foot,Volley,True,False,False,0.124032564,Blocked,False
wc2022,3857254,2022-11-22,Group Stage,Denmark,Tunisia,Joachim Andersen,Right Center Back,1,22,9,From Corner,Open Play,Left Foot,Half Volley,True,False,False,0.02765422,Saved,False
wc2022,3857254,2022-11-22,Group Stage,Denmark,Tunisia,Pierre-Emile Højbjerg,Right Center Midfield,1,32,58,From Corner,Open Play,Right Foot,Normal,False,False,False,0.008709067,Saved,False
wc2022,3857254,2022-11-22,Group Stage,Tunisia,Denmark,Yassine Meriah,Center Back,1,38,12,From Corner,Open Play,Right Foot,Half Volley,True,False,False,0.046073906,Blocked,False
wc2022,3857254,2022-11-22,Group Stage,Tunisia,Denmark,Aïssa Bilal Laïdouni,Left Defensive Midfield,1,38,14,From Corner,Open Play,Right Foot,Normal,True,False,False,0.06712157,Off T,False
wc2022,3857254,2022-11-22,Group Stage,Tunisia,Denmark,Issam Jebali,Center Forward,1,42,0,From Throw In,Open Play,Right Foot,Lob,False,False,True,0.4656446,Saved,False
wc2022,3857254,2022-11-22,Group Stage,Tunisia,Denmark,Ellyes Joris Skhiri,Right Defensive Midfield,1,42,47,From Corner,Open Play,Left Foot,Half Volley,True,False,False,0.059586592,Off T,False
wc2022,3857254,2022-11-22,Group Stage,Tunisia,Denmark,Issam Jebali,Center Forward,2,45,11,From Kick Off,Open Play,Head,Normal,False,True,False,0.11338296,Wayward,False
wc2022,3857254,2022-11-22,Group Stage,Tunisia,Denmark,Youssef Msakni,Left Wing,2,45,45,From Corner,Open Play,Right Foot,Volley,True,False,False,0.07208876,Off T,False
wc2022,3857254,2022-11-22,Group Stage,Tunisia,Denmark,Mohamed Dräger,Right Wing Back,2,50,57,From Corner,Open Play,Right Foot,Normal,False,False,False,0.020917216,Blocked,False
wc2022,3857254,2022-11-22,Group Stage,Tunisia,Denmark,Ellyes Joris Skhiri,Right Defensive Midfield,2,52,1,From Corner,Open Play,Right Foot,Volley,True,False,False,0.041405495,Blocked,False
wc2022,3857254,2022-11-22,Group Stage,Tunisia,Denmark,Dylan Daniel Mahmoud Bronn,Right Center Back,2,52,2,From Corner,Open Play,Right Foot,Half Volley,False,False,False,0.059058707,Blocked,False
wc2022,3857254,2022-11-22,Group Stage,Denmark,Tunisia,Kasper Dolberg,Center Forward,2,56,32,From Throw In,Open Play,Head,Normal,False,False,False,0.25651878,Wayward,False
wc2022,3857254,2022-11-22,Group Stage,Denmark,Tunisia,Christian Dannemann Eriksen,Center Attacking Midfield,2,68,26,From Keeper,Open Play,Left Foot,Normal,False,False,False,0.08509644,Saved,False
wc2022,3857254,2022-11-22,Group Stage,Denmark,Tunisia,Andreas Christensen,Left Center Back,2,69,15,From Corner,Open Play,Head,Normal,False,True,False,0.27134958,Wayward,False
wc2022,3857254,2022-11-22,Group Stage,Denmark,Tunisia,Andreas Evald Cornelius,Center Forward,2,69,16,From Corner,Open Play,Head,Normal,False,False,False,0.5683119,Post,False
wc2022,3857254,2022-11-22,Group Stage,Denmark,Tunisia,Mathias Jensen,Left Defensive Midfield,2,75,27,Regular Play,Open Play,Right Foot,Normal,False,False,False,0.02872357,Off T,False
wc2022,3857254,2022-11-22,Group Stage,Denmark,Tunisia,Andreas Evald Cornelius,Center Forward,2,91,9,From Throw In,Open Play,Head,Normal,False,True,False,0.14539434,Saved,False
wc2022,3857254,2022-11-22,Group Stage,Denmark,Tunisia,Joakim Mæhle,Left Back,2,91,41,Regular Play,Open Play,Right Foot,Normal,False,False,False,0.028684001,Blocked,False
wc2022,3857254,2022-11-22,Group Stage,Denmark,Tunisia,Andreas Evald Cornelius,Center Forward,2,96,18,From Corner,Open Play,Head,Normal,False,True,False,0.022084296,Saved,False
wc2022,3857265,2022-11-22,Group Stage,Poland,Mexico,Robert Lewandowski,Center Forward,1,6,46,From Corner,Open Play,Head,Normal,False,True,False,0.056964528,Blocked,False
wc2022,3857265,2022-11-22,Group Stage,Mexico,Poland,Héctor Alfredo Moreno Herrera,Left Center Back,1,11,44,From Corner,Open Play,Head,Normal,False,True,False,0.1766503,Off T,False
wc2022,3857265,2022-11-22,Group Stage,Mexico,Poland,Ernesto Alexis Vega Rojas,Left Wing,1,25,41,From Free Kick,Open Play,Head,Normal,False,True,False,0.098180205,Off T,False
wc2022,3857265,2022-11-22,Group Stage,Mexico,Poland,Ernesto Alexis Vega Rojas,Left Wing,1,43,56,From Throw In,Open Play,Left Foot,Volley,True,False,False,0.025630916,Blocked,False
wc2022,3857265,2022-11-22,Group Stage,Mexico,Poland,Jorge Eduardo Sánchez Ramos,Right Back,1,44,18,From Throw In,Open Play,Right Foot,Normal,True,False,False,0.0069717234,Saved,False
wc2022,3857265,2022-11-22,Group Stage,Mexico,Poland,Luis Gerardo Chávez Magallón,Left Center Midfield,1,46,1,Regular Play,Open Play,Left Foot,Normal,False,True,False,0.008207667,Blocked,False
wc2022,3857265,2022-11-22,Group Stage,Mexico,Poland,Hirving Rodrigo Lozano Bahena,Right Wing,2,51,45,From Corner,Open Play,Right Foot,Normal,False,False,False,0.02413981,Saved,False
wc2022,3857265,2022-11-22,Group Stage,Poland,Mexico,Robert Lewandowski,Center Forward,2,57,23,Other,Penalty,Right Foot,Normal,False,False,False,0.7835,Saved,False
wc2022,3857265,2022-11-22,Group Stage,Poland,Mexico,Jakub Kamiński,Right Midfield,2,57,26,Other,Open Play,Right Foot,Normal,True,False,False,0.10166888,Blocked,False
wc2022,3857265,2022-11-22,Group Stage,Mexico,Poland,Ernesto Alexis Vega Rojas,Left Wing,2,59,13,From Throw In,Open Play,Right Foot,Normal,False,False,False,0.0609232,Blocked,False
wc2022,3857265,2022-11-22,Group Stage,Mexico,Poland,Henry Josué Martín Mex,Center Forward,2,63,24,From Free Kick,Open Play,Head,Normal,False,False,True,0.06434309,Saved,False
wc2022,3857265,2022-11-22,Group Stage,Mexico,Poland,Ernesto Alexis Vega Rojas,Left Wing,2,65,55,From Free Kick,Open Play,Right Foot,Normal,False,False,False,0.009746956,Off T,False
wc2022,3857265,2022-11-22,Group Stage,Mexico,Poland,Ernesto Alexis Vega Rojas,Left Wing,2,79,46,From Throw In,Open Play,Right Foot,Half Volley,True,False,False,0.014301864,Off T,False
wc2022,3857265,2022-11-22,Group Stage,Poland,Mexico,Jakub Piotr Kiwior,Left Center Back,2,81,21,From Corner,Open Play,Head,Normal,False,True,False,0.12449861,Wayward,False
wc2022,3857265,2022-11-22,Group Stage,Poland,Mexico,Jakub Kamiński,Right Midfield,2,93,52,Regular Play,Open Play,Left Foot,Normal,True,True,False,0.04959144,Saved,False
wc2022,3857265,2022-11-22,Group Stage,Poland,Mexico,Grzegorz Krychowiak,Right Defensive Midfield,2,95,25,Regular Play,Open Play,Right Foot,Normal,False,False,False,0.02170277,Off T,False
wc2022,3857265,2022-11-22,Group Stage,Mexico,Poland,Carlos Uriel Antuna Romero,Right Wing,2,95,53,From Goal Kick,Open Play,Left Foot,Normal,False,True,False,0.0400392,Saved,False
wc2022,3857301,2022-11-25,Group Stage,Senegal,Qatar,Ismaïla Sarr,Right Wing,1,3,50,Regular Play,Open Play,Right Foot,Normal,False,True,False,0.07323868,Off T,False
wc2022,3857301,2022-11-25,Group Stage,Senegal,Qatar,Nampalys Mendy,Right Defensive Midfield,1,8,9,From Throw In,Open Play,Right Foot,Half Volley,False,False,False,0.025409508,Off T,False
wc2022,3857301,2022-11-25,Group Stage,Qatar,Senegal,Akram Hassan Afif,Left Center Forward,1,14,36,From Free Kick,Open Play,Right Foot,Half Volley,True,False,False,0.019990891,Off T,False
wc2022,3857301,2022-11-25,Group Stage,Senegal,Qatar,Krépin Diatta,Left Wing,1,15,22,From Goal Kick,Open Play,Left Foot,Normal,False,True,False,0.039485876,Saved,False
wc2022,3857301,2022-11-25,Group Stage,Senegal,Qatar,Famara Diedhiou,Center Forward,1,16,3,From Corner,Open Play,Head,Normal,False,False,False,0.14633009,Off T,False
wc2022,3857301,2022-11-25,Group Stage,Senegal,Qatar,Idrissa Gana Gueye,Left Defensive Midfield,1,23,44,From Free Kick,Open Play,Right Foot,Normal,True,False,False,0.029332913,Off T,False
wc2022,3857301,2022-11-25,Group Stage,Qatar,Senegal,Abdelkarim Hassan Al Haj Fadlalla,Left Center Back,1,25,26,From Goal Kick,Open Play,Left Foot,Normal,False,False,False,0.009041326,Blocked,False
wc2022,3857301,2022-11-25,Group Stage,Senegal,Qatar,Boulaye Dia,Center Attacking Midfield,1,40,20,Regular Play,Open Play,Right Foot,Normal,True,False,False,0.23054633,Goal,True
wc2022,3857301,2022-11-25,Group Stage,Senegal,Qatar,Famara Diedhiou,Center Forward,2,47,51,From Corner,Open Play,Head,Normal,False,False,False,0.038498666,Goal,True
wc2022,3857301,2022-11-25,Group Stage,Qatar,Senegal,Abdelkarim Hassan Al Haj Fadlalla,Left Center Back,2,54,58,From Free Kick,Open Play,Right Foot,Half Volley,True,False,False,0.16305494,Blocked,False
wc2022,3857301,2022-11-25,Group Stage,Senegal,Qatar,Ismaïla Sarr,Right Wing,2,56,39,Regular Play,Open Play,Left Foot,Half Volley,False,False,False,0.030363984,Blocked,False
wc2022,3857301,2022-11-25,Group Stage,Senegal,Qatar,Famara Diedhiou,Center Forward,2,58,16,Regular Play,Open Play,Right Foot,Half Volley,True,True,False,0.05329144,Blocked,False
wc2022,3857301,2022-11-25,Group Stage,Qatar,Senegal,Abdelkarim Hassan Al Haj Fadlalla,Left Center Back,2,60,36,From Throw In,Open Play,Right Foot,Normal,False,False,False,0.006098259,Off T,False
wc2022,3857301,2022-11-25,Group Stage,Qatar,Senegal,Almoez Ali Zainalabiddin Abdulla,Right Center Forward,2,62,12,Regular Play,Open Play,Left Foot,Normal,False,False,False,0.21404111,Saved,False
wc2022,3857301,2022-11-25,Group Stage,Qatar,Senegal,Ismaeel Mohammad Mohammad,Right Wing Back,2,66,21,From Throw In,Open Play,Other,Normal,False,False,True,0.3277431,Saved,False
wc2022,3857301,2022-11-25,Group Stage,Senegal,Qatar,Nampalys Mendy,Right Center Midfield,2,68,48,From Throw In,Open Play,Right Foot,Normal,False,False,False,0.067961,Off T,False
wc2022,3857301,2022-11-25,Group Stage,Qatar,Senegal,Mohammed Muntari,Left Center Forward,2,77,39,From Free Kick,Open Play,Head,Normal,False,True,False,0.072239615,Goal,True
wc2022,3857301,2022-11-25,Group Stage,Senegal,Qatar,Boulaye Dia,Left Wing,2,80,53,From Free Kick,Open Play,Head,Normal,False,True,False,0.052429575,Wayward,False
wc2022,3857301,2022-11-25,Group Stage,Senegal,Qatar,Cheikh Ahmadou Bamba Mbacke Dieng,Center Forward,2,83,6,From Throw In,Open Play,Right Foot,Normal,True,False,False,0.11607656,Goal,True
wc2022,3857301,2022-11-25,Group Stage,Qatar,Senegal,Abdelkarim Hassan Al Haj Fadlalla,Left Wing Back,2,88,5,From Free Kick,Open Play,Left Foot,Normal,True,False,False,0.023370314,Off T,False
wc2022,3857301,2022-11-25,Group Stage,Qatar,Senegal,Mohammed Muntari,Left Center Forward,2,89,57,Regular Play,Open Play,Head,Normal,False,True,False,0.06740542,Blocked,False
wc2022,3857301,2022-11-25,Group Stage,Qatar,Senegal,Almoez Ali Zainalabiddin Abdulla,Right Center Forward,2,93,47,From Counter,Open Play,Left Foot,Normal,False,False,False,0.057101198,Off T,False
wc2022,3857268,2022-11-23,Group Stage,Belgium,Canada,Michy Batshuayi Tunga,Center Forward,1,0,51,From Kick Off,Open Play,Right Foot,Normal,False,False,False,0.017552001,Saved,False
wc2022,3857268,2022-11-23,Group Stage,Canada,Belgium,Stephen Antunes Eustáquio,Left Defensive Midfield,1,1,41,From Keeper,Open Play,Right Foot,Normal,False,False,False,0.0798905,Blocked,False
wc2022,3857268,2022-11-23,Group Stage,Canada,Belgium,Jonathan David,Center Forward,1,6,18,Regular Play,Open Play,Right Foot,Half Volley,True,False,False,0.12589528,Blocked,False
wc2022,3857268,2022-11-23,Group Stage,Canada,Belgium,Tajon Buchanan,Right Attacking Midfield,1,7,9,From Corner,Open Play,Right Foot,Half Volley,False,False,False,0.05664073,Blocked,False
wc2022,3857268,2022-11-23,Group Stage,Canada,Belgium,Alphonso Davies,Left Wing Back,1,10,0,Other,Penalty,Left Foot,Normal,False,False,False,0.7835,Saved,False
wc2022,3857268,2022-11-23,Group Stage,Canada,Belgium,Jonathan David,Center Forward,1,10,2,Other,Open Play,Right Foot,Volley,True,False,False,0.20472932,Off T,False
wc2022,3857268,2022-11-23,Group Stage,Canada,Belgium,Richie Laryea,Right Wing Back,1,12,14,From Throw In,Open Play,Left Foot,Normal,False,True,False,0.033730526,Off T,False
wc2022,3857268,2022-11-23,Group Stage,Canada,Belgium,Jonathan David,Center Forward,1,12,51,Regular Play,Open Play,Left Foot,Normal,False,False,False,0.08619453,Blocked,False
wc2022,3857268,2022-11-23,Group Stage,Canada,Belgium,David Junior Hoilett,Left Attacking Midfield,1,15,30,From Throw In,Open Play,Left Foot,Normal,False,False,False,0.04071268,Off T,False
wc2022,3857268,2022-11-23,Group Stage,Belgium,Canada,Michy Batshuayi Tunga,Center Forward,1,22,33,From Free Kick,Open Play,Right Foot,Normal,False,False,False,0.04664896,Blocked,False
wc2022,3857268,2022-11-23,Group Stage,Canada,Belgium,Atiba Hutchinson,Right Defensive Midfield,1,26,9,From Goal Kick,Open Play,Right Foot,Normal,True,False,False,0.04634635,Off T,False
wc2022,3857268,2022-11-23,Group Stage,Canada,Belgium,Alistair Johnston,Right Center Back,1,29,16,Regular Play,Open Play,Right Foot,Normal,False,False,False,0.033541974,Saved,False
wc2022,3857268,2022-11-23,Group Stage,Canada,Belgium,Jonathan David,Center Forward,1,30,43,From Throw In,Open Play,Right Foot,Normal,False,False,False,0.08845105,Blocked,False
wc2022,3857268,2022-11-23,Group Stage,Canada,Belgium,Jonathan David,Center Forward,1,31,58,Regular Play,Open Play,Head,Normal,False,False,False,0.088843234,Off T,False
wc2022,3857268,2022-11-23,Group Stage,Belgium,Canada,Michy Batshuayi Tunga,Center Forward,1,32,31,From Goal Kick,Open Play,Right Foot,Volley,True,False,False,0.08121458,Off T,False
wc2022,3857268,2022-11-23,Group Stage,Belgium,Canada,Michy Batshuayi Tunga,Center Forward,1,43,32,Regular Play,Open Play,Left Foot,Half Volley,True,False,False,0.24992359,Goal,True
wc2022,3857268,2022-11-23,Group Stage,Canada,Belgium,Tajon Buchanan,Right Attacking Midfield,1,46,53,From Throw In,Open Play,Left Foot,Half Volley,True,True,False,0.29588586,Off T,False
wc2022,3857268,2022-11-23,Group Stage,Canada,Belgium,Stephen Antunes Eustáquio,Left Defensive Midfield,1,48,51,From Corner,Open Play,Right Foot,Half Volley,True,False,False,0.048581414,Blocked,False
wc2022,3857268,2022-11-23,Group Stage,Canada,Belgium,Jonathan David,Center Forward,2,47,52,From Free Kick,Open Play,Head,Normal,False,True,False,0.120068476,Off T,False
wc2022,3857268,2022-11-23,Group Stage,Canada,Belgium,Stephen Antunes Eustáquio,Left Defensive Midfield,2,49,42,Regular Play,Open Play,Right Foot,Normal,False,False,False,0.03604073,Off T,False
wc2022,3857268,2022-11-23,Group Stage,Canada,Belgium,Tajon Buchanan,Left Wing Back,2,62,15,From Throw In,Open Play,Right Foot,Normal,True,False,False,0.0587075,Off T,False
wc2022,3857268,2022-11-23,Group Stage,Canada,Belgium,Richie Laryea,Right Wing Back,2,66,1,Regular Play,Open Play,Right Foot,Normal,False,False,False,0.022910038,Off T,False
wc2022,3857268,2022-11-23,Group Stage,Belgium,Canada,Michy Batshuayi Tunga,Center Forward,2,66,41,From Goal Kick,Open Play,Right Foot,Normal,True,False,False,0.0897183,Blocked,False
wc2022,3857268,2022-11-23,Group Stage,Canada,Belgium,Jonathan David,Left Attacking Midfield,2,76,49,Regular Play,Open Play,Left Foot,Normal,False,False,False,0.04574546,Blocked,False
wc2022,3857268,2022-11-23,Group Stage,Canada,Belgium,Cyle Larin,Right Attacking Midfield,2,79,29,From Free Kick,Open Play,Head,Normal,False,False,False,0.07200206,Saved,False
wc2022,3857268,2022-11-23,Group Stage,Belgium,Canada,Leander Dendoncker,Right Center Back,2,84,35,From Free Kick,Open Play,Head,Normal,False,True,False,0.08894938,Off T,False
wc2022,3857268,2022-11-23,Group Stage,Belgium,Canada,Kevin De Bruyne,Right Attacking Midfield,2,85,9,Regular Play,Open Play,Right Foot,Normal,False,False,False,0.061057936,Off T,False
wc2022,3857268,2022-11-23,Group Stage,Canada,Belgium,Cyle Larin,Right Center Forward,2,85,40,From Goal Kick,Open Play,Head,Normal,False,True,False,0.111036494,Off T,False
wc2022,3857268,2022-11-23,Group Stage,Belgium,Canada,Thomas Meunier,Right Wing Back,2,90,3,From Goal Kick,Open Play,Right Foot,Normal,False,False,False,0.025805552,Blocked,False
wc2022,3857268,2022-11-23,Group Stage,Belgium,Canada,Kevin De Bruyne,Right Attacking Midfield,2,90,51,From Corner,Open Play,Right Foot,Normal,False,False,False,0.009170555,Saved,False
wc2022,3857268,2022-11-23,Group Stage,Canada,Belgium,Cyle Larin,Right Center Forward,2,91,22,From Keeper,Open Play,Head,Normal,False,True,False,0.06675813,Blocked,False
wc2022,3857269,2022-11-28,Group Stage,Switzerland,Brazil,Silvan Widmer,Right Back,1,5,47,From Corner,Open Play,Right Foot,Volley,True,False,False,0.05117428,Off T,False
wc2022,3857269,2022-11-28,Group Stage,Brazil,Switzerland,Vinícius José Paixão de Oliveira Júnior,Left Midfield,1,26,41,Regular Play,Open Play,Right Foot,Volley,True,False,False,0.21638125,Saved,False
wc2022,3857269,2022-11-28,Group Stage,Brazil,Switzerland,Carlos Henrique Casimiro,Left Defensive Midfield,1,27,17,From Corner,Open Play,Right Foot,Half Volley,True,False,False,0.023129713,Wayward,False
wc2022,3857269,2022-11-28,Group Stage,Brazil,Switzerland,Raphael Dias Belloli,Right Midfield,1,30,19,From Free Kick,Open Play,Left Foot,Normal,False,False,False,0.02201561,Saved,False
wc2022,3857269,2022-11-28,Group Stage,Brazil,Switzerland,Richarlison de Andrade,Center Forward,1,31,27,From Free Kick,Open Play,Head,Normal,False,True,False,0.022230485,Blocked,False
wc2022,3857269,2022-11-28,Group Stage,Brazil,Switzerland,Éder Gabriel Militão,Right Back,1,36,51,From Throw In,Open Play,Right Foot,Normal,False,False,False,0.02857021,Blocked,False
wc2022,3857269,2022-11-28,Group Stage,Brazil,Switzerland,Thiago Emiliano da Silva,Right Center Back,1,43,40,From Corner,Open Play,Head,Normal,False,True,False,0.14148508,Blocked,False
wc2022,3857269,2022-11-28,Group Stage,Switzerland,Brazil,Djibril Sow,Center Attacking Midfield,2,52,37,From Free Kick,Open Play,Right Foot,Normal,True,False,False,0.087867536,Blocked,False
wc2022,3857269,2022-11-28,Group Stage,Switzerland,Brazil,Ruben Vargas,Left Wing,2,53,31,From Free Kick,Open Play,Right Foot,Normal,False,False,False,0.029704679,Blocked,False
wc2022,3857269,2022-11-28,Group Stage,Switzerland,Brazil,Manuel Obafemi Akanji,Right Center Back,2,54,10,From Corner,Open Play,Head,Normal,False,False,False,0.028123023,Wayward,False
wc2022,3857269,2022-11-28,Group Stage,Switzerland,Brazil,Djibril Sow,Center Attacking Midfield,2,59,39,Regular Play,Open Play,Right Foot,Normal,True,False,False,0.0625126,Blocked,False
wc2022,3857269,2022-11-28,Group Stage,Switzerland,Brazil,Edimilson Fernandes,Left Wing,2,59,54,Regular Play,Open Play,Right Foot,Normal,False,False,False,0.029247057,Blocked,False
wc2022,3857269,2022-11-28,Group Stage,Brazil,Switzerland,Marcos Aoás Corrêa,Right Center Back,2,69,40,From Free Kick,Open Play,Head,Normal,False,True,False,0.07814184,Wayward,False
wc2022,3857269,2022-11-28,Group Stage,Brazil,Switzerland,Richarlison de Andrade,Center Forward,2,71,4,From Counter,Open Play,Left Foot,Normal,True,False,False,0.038312852,Blocked,False
wc2022,3857269,2022-11-28,Group Stage,Brazil,Switzerland,Bruno Guimarães Rodriguez Moura,Right Defensive Midfield,2,80,58,From Corner,Open Play,Head,Normal,False,False,False,0.021188514,Saved,False
wc2022,3857269,2022-11-28,Group Stage,Brazil,Switzerland,Carlos Henrique Casimiro,Left Defensive Midfield,2,82,15,Regular Play,Open Play,Right Foot,Half Volley,True,False,False,0.068805926,Goal,True
wc2022,3857269,2022-11-28,Group Stage,Brazil,Switzerland,Rodrygo Silva de Goes,Center Attacking Midfield,2,86,25,From Throw In,Open Play,Right Foot,Normal,False,False,False,0.04824855,Saved,False
wc2022,3857269,2022-11-28,Group Stage,Brazil,Switzerland,Antony Matheus dos Santos,Right Midfield,2,86,51,From Corner,Open Play,Left Foot,Normal,False,False,False,0.020722246,Off T,False
wc2022,3857269,2022-11-28,Group Stage,Brazil,Switzerland,Rodrygo Silva de Goes,Center Attacking Midfield,2,93,27,From Free Kick,Open Play,Right Foot,Normal,True,False,False,0.19349767,Blocked,False
wc2022,3869321,2022-12-09,Quarter-finals,Argentina,Netherlands,Rodrigo Javier De Paul,Right Center Midfield,1,4,33,Regular Play,Open Play,Right Foot,Half Volley,True,False,False,0.02377054,Blocked,False
wc2022,3869321,2022-12-09,Quarter-finals,Argentina,Netherlands,Lionel Andrés Messi Cuccittini,Right Center Forward,1,21,36,From Throw In,Open Play,Left Foot,Normal,False,False,False,0.037832856,Off T,False
wc2022,3869321,2022-12-09,Quarter-finals,Netherlands,Argentina,Steven Bergwijn,Right Center Forward,1,23,42,Regular Play,Open Play,Left Foot,Half Volley,False,False,False,0.089517,Off T,False
wc2022,3869321,2022-12-09,Quarter-finals,Argentina,Netherlands,Rodrigo Javier De Paul,Right Center Midfield,1,32,39,Regular Play,Open Play,Right Foot,Normal,True,True,False,0.049762752,Saved,False
wc2022,3869321,2022-12-09,Quarter-finals,Argentina,Netherlands,Nahuel Molina Lucero,Right Wing Back,1,34,4,From Throw In,Open Play,Right Foot,Normal,False,False,True,0.43442267,Goal,True
wc2022,3869321,2022-12-09,Quarter-finals,Argentina,Netherlands,Lionel Andrés Messi Cuccittini,Right Center Forward,1,39,9,Regular Play,Open Play,Right Foot,Normal,False,True,False,0.03387043,Saved,False
wc2022,3869321,2022-12-09,Quarter-finals,Argentina,Netherlands,Lionel Andrés Messi Cuccittini,Right Center Forward,2,62,29,From Free Kick,Free Kick,Left Foot,Normal,False,False,False,0.07608311,Off T,False
wc2022,3869321,2022-12-09,Quarter-finals,Argentina,Netherlands,Lionel Andrés Messi Cuccittini,Right Center Forward,2,72,39,Other,Penalty,Left Foot,Normal,False,False,False,0.7835,Goal,True
wc2022,3869321,2022-12-09,Quarter-finals,Netherlands,Argentina,Wout Weghorst,Right Center Forward,2,82,17,From Free Kick,Open Play,Head,Normal,False,False,False,0.047416847,Goal,True
wc2022,3869321,2022-12-09,Quarter-finals,Netherlands,Argentina,Steven Berghuis,Right Midfield,2,84,33,From Free Kick,Open Play,Left Foot,Half Volley,True,False,False,0.032538008,Blocked,False
wc2022,3869321,2022-12-09,Quarter-finals,Netherlands,Argentina,Denzel Dumfries,Right Back,2,89,35,From Free Kick,Open Play,Right Foot,Half Volley,True,False,False,0.047394842,Off T,False
wc2022,3869321,2022-12-09,Quarter-finals,Netherlands,Argentina,Steven Berghuis,Right Midfield,2,92,12,From Free Kick,Free Kick,Left Foot,Normal,False,False,False,0.08017064,Blocked,False
wc2022,3869321,2022-12-09,Quarter-finals,Netherlands,Argentina,Wout Weghorst,Right Center Forward,2,100,32,From Free Kick,Open Play,Left Foot,Normal,False,True,False,0.21959315,Goal,True
wc2022,3869321,2022-12-09,Quarter-finals,Argentina,Netherlands,Lionel Andrés Messi Cuccittini,Right Center Forward,4,109,18,From Free Kick,Open Play,Left Foot,Normal,False,True,False,0.035418287,Off T,False
wc2022,3869321,2022-12-09,Quarter-finals,Netherlands,Argentina,Luuk de Jong,Left Center Forward,4,112,14,From Free Kick,Open Play,Left Foot,Volley,True,False,False,0.05290734,Blocked,False
wc2022,3869321,2022-12-09,Quarter-finals,Argentina,Netherlands,Lautaro Javier Martínez,Left Wing,4,113,47,From Free Kick,Open Play,Right Foot,Normal,True,False,False,0.2245604,Blocked,False
wc2022,3869321,2022-12-09,Quarter-finals,Argentina,Netherlands,Enzo Fernandez,Right Center Midfield,4,114,54,From Corner,Open Play,Left Foot,Normal,False,False,False,0.032085553,Blocked,False
wc2022,3869321,2022-12-09,Quarter-finals,Argentina,Netherlands,Germán Alejandro Pezzella,Right Center Back,4,115,53,From Corner,Open Play,Head,Normal,False,True,False,0.04452438,Off T,False
wc2022,3869321,2022-12-09,Quarter-finals,Argentina,Netherlands,Lautaro Javier Martínez,Left Wing,4,118,36,From Keeper,Open Play,Left Foot,Normal,True,True,False,0.08241133,Saved,False
wc2022,3869321,2022-12-09,Quarter-finals,Argentina,Netherlands,Lionel Andrés Messi Cuccittini,Center Forward,4,119,27,From Throw In,Open Play,Left Foot,Normal,False,True,False,0.04201436,Blocked,False
wc2022,3869321,2022-12-09,Quarter-finals,Argentina,Netherlands,Enzo Fernandez,Right Center Midfield,4,120,9,From Corner,Open Play,Right Foot,Normal,False,False,False,0.038940463,Post,False
wc2022,3869321,2022-12-09,Quarter-finals,Netherlands,Argentina,Virgil van Dijk,Left Center Back,5,120,5,Other,Penalty,Right Foot,Normal,False,False,False,0.7835,Saved,False
wc2022,3869321,2022-12-09,Quarter-finals,Argentina,Netherlands,Lionel Andrés Messi Cuccittini,Center Forward,5,121,3,Other,Penalty,Left Foot,Normal,False,False,False,0.7835,Goal,True
wc2022,3869321,2022-12-09,Quarter-finals,Netherlands,Argentina,Steven Berghuis,Right Midfield,5,121,45,Other,Penalty,Left Foot,Normal,False,False,False,0.7835,Saved,False
wc2022,3869321,2022-12-09,Quarter-finals,Argentina,Netherlands,Leandro Daniel Paredes,Center Defensive Midfield,5,122,39,Other,Penalty,Right Foot,Normal,False,False,False,0.7835,Goal,True
wc2022,3869321,2022-12-09,Quarter-finals,Netherlands,Argentina,Teun Koopmeiners,Right Defensive Midfield,5,123,31,Other,Penalty,Left Foot,Normal,False,False,False,0.7835,Goal,True
wc2022,3869321,2022-12-09,Quarter-finals,Argentina,Netherlands,Gonzalo Ariel Montiel,Right Back,5,124,15,Other,Penalty,Right Foot,Normal,False,False,False,0.7835,Goal,True
wc2022,3869321,2022-12-09,Quarter-finals,Netherlands,Argentina,Wout Weghorst,Right Center Forward,5,124,59,Other,Penalty,Right Foot,Normal,False,False,False,0.7835,Goal,True
wc2022,3869321,2022-12-09,Quarter-finals,Argentina,Netherlands,Enzo Fernandez,Right Center Midfield,5,126,0,Other,Penalty,Right Foot,Normal,False,False,True,0.7835,Off T,False
wc2022,3869321,2022-12-09,Quarter-finals,Netherlands,Argentina,Luuk de Jong,Left Center Forward,5,126,40,Other,Penalty,Right Foot,Normal,False,False,False,0.7835,Goal,True
wc2022,3869321,2022-12-09,Quarter-finals,Argentina,Netherlands,Lautaro Javier Martínez,Left Wing,5,127,42,Other,Penalty,Right Foot,Normal,False,False,False,0.7835,Goal,True
wc2022,3857292,2022-12-01,Group Stage,Germany,Costa Rica,Jamal Musiala,Center Attacking Midfield,1,1,49,Regular Play,Open Play,Right Foot,Normal,False,False,False,0.06331741,Saved,False
wc2022,3857292,2022-12-01,Group Stage,Germany,Costa Rica,Leon Goretzka,Right Defensive Midfield,1,6,57,From Throw In,Open Play,Right Foot,Normal,True,False,False,0.15352516,Wayward,False
wc2022,3857292,2022-12-01,Group Stage,Germany,Costa Rica,Thomas Müller,Center Forward,1,8,2,From Free Kick,Open Play,Head,Diving Header,False,False,True,0.14610097,Off T,False
wc2022,3857292,2022-12-01,Group Stage,Germany,Costa Rica,Serge Gnabry,Left Wing,1,9,31,Regular Play,Open Play,Head,Normal,False,False,False,0.0895267,Goal,True
wc2022,3857292,2022-12-01,Group Stage,Germany,Costa Rica,Leon Goretzka,Right Defensive Midfield,1,13,56,Regular Play,Open Play,Head,Normal,False,False,True,0.18187125,Saved,False
wc2022,3857292,2022-12-01,Group Stage,Germany,Costa Rica,Thomas Müller,Center Forward,1,20,33,From Corner,Open Play,Head,Normal,False,True,False,0.069567084,Wayward,False
wc2022,3857292,2022-12-01,Group Stage,Germany,Costa Rica,Serge Gnabry,Left Wing,1,29,32,From Goal Kick,Open Play,Right Foot,Normal,False,False,False,0.044056788,Blocked,False
wc2022,3857292,2022-12-01,Group Stage,Germany,Costa Rica,Joshua Kimmich,Right Back,1,34,3,Regular Play,Open Play,Right Foot,Normal,False,False,False,0.011488004,Saved,False
wc2022,3857292,2022-12-01,Group Stage,Germany,Costa Rica,Jamal Musiala,Center Attacking Midfield,1,35,30,Regular Play,Open Play,Right Foot,Normal,False,False,False,0.16202919,Off T,False
wc2022,3857292,2022-12-01,Group Stage,Germany,Costa Rica,Serge Gnabry,Left Wing,1,38,59,From Throw In,Open Play,Right Foot,Normal,False,False,False,0.06251996,Off T,False
wc2022,3857292,2022-12-01,Group Stage,Costa Rica,Germany,Keysher Fuller Spence,Right Wing Back,1,41,56,From Free Kick,Open Play,Right Foot,Half Volley,False,False,True,0.14103858,Saved,False
wc2022,3857292,2022-12-01,Group Stage,Germany,Costa Rica,Leroy Sané,Right Wing,1,44,35,Regular Play,Open Play,Left Foot,Normal,False,True,False,0.080942705,Off T,False
wc2022,3857292,2022-12-01,Group Stage,Germany,Costa Rica,Leroy Sané,Right Wing,1,45,12,From Throw In,Open Play,Left Foot,Normal,False,False,False,0.078109905,Blocked,False
wc2022,3857292,2022-12-01,Group Stage,Costa Rica,Germany,Keysher Fuller Spence,Right Wing,2,51,11,From Throw In,Open Play,Right Foot,Normal,True,False,False,0.050267275,Blocked,False
wc2022,3857292,2022-12-01,Group Stage,Costa Rica,Germany,Yeltsin Ignacio Tejeda Valverde,Left Defensive Midfield,2,51,29,From Throw In,Open Play,Right Foot,Half Volley,False,True,False,0.042256437,Saved,False
wc2022,3857292,2022-12-01,Group Stage,Germany,Costa Rica,Serge Gnabry,Left Midfield,2,54,46,From Corner,Open Play,Right Foot,Normal,True,False,False,0.029866349,Blocked,False
wc2022,3857292,2022-12-01,Group Stage,Germany,Costa Rica,Leroy Sané,Right Midfield,2,54,54,From Corner,Open Play,Left Foot,Normal,False,False,False,0.02438984,Off T,False
wc2022,3857292,2022-12-01,Group Stage,Costa Rica,Germany,Kendall Jamaal Waston Manley,Right Center Back,2,57,38,Regular Play,Open Play,Head,Diving Header,False,False,False,0.099276,Saved,False
wc2022,3857292,2022-12-01,Group Stage,Costa Rica,Germany,Yeltsin Ignacio Tejeda Valverde,Left Defensive Midfield,2,57,39,Regular Play,Open Play,Right Foot,Normal,True,False,False,0.4798206,Goal,True
wc2022,3857292,2022-12-01,Group Stage,Germany,Costa Rica,Jamal Musiala,Right Defensive Midfield,2,60,12,Regular Play,Open Play,Left Foot,Normal,False,False,False,0.082946144,Post,False
wc2022,3857292,2022-12-01,Group Stage,Germany,Costa Rica,Jamal Musiala,Right Defensive Midfield,2,60,14,From Counter,Open Play,Right Foot,Volley,True,False,False,0.1066145,Off T,False
wc2022,3857292,2022-12-01,Group Stage,Germany,Costa Rica,Thomas Müller,Left Center Forward,2,61,1,Regular Play,Open Play,Right Foot,Normal,False,False,False,0.05438086,Blocked,False
wc2022,3857292,2022-12-01,Group Stage,Germany,Costa Rica,Antonio Rüdiger,Left Center Back,2,61,42,From Corner,Open Play,Right Foot,Normal,True,True,False,0.41498688,Post,False
wc2022,3857292,2022-12-01,Group Stage,Germany,Costa Rica,Jamal Musiala,Left Center Midfield,2,66,28,From Throw In,Open Play,Right Foot,Normal,False,False,False,0.037713535,Post,False
wc2022,3857292,2022-12-01,Group Stage,Germany,Costa Rica,Kai Havertz,Left Center Forward,2,66,50,From Throw In,Open Play,Right Foot,Half Volley,False,False,False,0.110909514,Off T,False
wc2022,3857292,2022-12-01,Group Stage,Costa Rica,Germany,Juan Pablo Vargas Campos,Left Center Back,2,69,6,From Free Kick,Open Play,Left Foot,Volley,True,False,False,0.18427365,Saved,False
wc2022,3857292,2022-12-01,Group Stage,Germany,Costa Rica,Kai Havertz,Left Center Forward,2,72,4,From Kick Off,Open Play,Right Foot,Half Volley,False,False,False,0.4749194,Goal,True
wc2022,3857292,2022-12-01,Group Stage,Germany,Costa Rica,Kai Havertz,Left Center Forward,2,73,55,From Free Kick,Open Play,Left Foot,Normal,True,False,False,0.14038351,Off T,False
wc2022,3857292,2022-12-01,Group Stage,Germany,Costa Rica,Niclas Füllkrug,Right Center Forward,2,75,18,From Counter,Open Play,Right Foot,Half Volley,True,False,False,0.36338806,Saved,False
wc2022,3857292,2022-12-01,Group Stage,Costa Rica,Germany,Jewison Bennette,Right Wing,2,79,4,From Throw In,Open Play,Left Foot,Normal,False,False,False,0.037811525,Off T,False
wc2022,3857292,2022-12-01,Group Stage,Germany,Costa Rica,Jamal Musiala,Left Center Midfield,2,83,2,From Free Kick,Open Play,Right Foot,Normal,False,False,False,0.060394496,Off T,False
wc2022,3857292,2022-12-01,Group Stage,Germany,Costa Rica,Kai Havertz,Left Center Forward,2,84,2,Regular Play,Open Play,Left Foot,Half Volley,True,False,False,0.31018513,Goal,True
wc2022,3857292,2022-12-01,Group Stage,Germany,Costa Rica,Kai Havertz,Left Center Forward,2,85,21,From Counter,Open Play,Left Foot,Normal,False,False,True,0.11890341,Saved,False
wc2022,3857292,2022-12-01,Group Stage,Germany,Costa Rica,Mario Götze,Right Center Midfield,2,85,23,From Counter,Open Play,Head,Normal,False,False,False,0.066507556,Saved,False
wc2022,3857292,2022-12-01,Group Stage,Germany,Costa Rica,Niclas Füllkrug,Right Center Forward,2,88,13,From Throw In,Open Play,Left Foot,Half Volley,True,False,False,0.510154,Goal,True
wc2022,3857292,2022-12-01,Group Stage,Germany,Costa Rica,Niclas Füllkrug,Right Center Forward,2,94,58,Regular Play,Open Play,Right Foot,Half Volley,False,False,False,0.046867393,Blocked,False
wc2022,3857292,2022-12-01,Group Stage,Germany,Costa Rica,Niclas Füllkrug,Right Center Forward,2,95,14,Regular Play,Open Play,Head,Normal,False,False,True,0.13407986,Off T,False
wc2022,3857292,2022-12-01,Group Stage,Germany,Costa Rica,Jamal Musiala,Left Center Midfield,2,99,26,Regular Play,Open Play,Left Foot,Normal,False,False,False,0.085460834,Saved,False
wc2022,3857295,2022-11-27,Group Stage,Japan,Costa Rica,Ritsu Doan,Right Midfield,1,2,18,Regular Play,Open Play,Left Foot,Half Volley,True,False,False,0.015573137,Wayward,False
wc2022,3857295,2022-11-27,Group Stage,Costa Rica,Japan,Gerson Torres Barrantes,Right Wing,1,3,36,From Free Kick,Open Play,Left Foot,Volley,True,False,False,0.01353695,Wayward,False
wc2022,3857295,2022-11-27,Group Stage,Costa Rica,Japan,Francisco Javier Calvo Quesada,Left Center Back,1,34,14,Regular Play,Open Play,Left Foot,Half Volley,True,False,False,0.014244432,Blocked,False
wc2022,3857295,2022-11-27,Group Stage,Costa Rica,Japan,Joel Nathaniel Campbell Samuels,Left Wing,1,34,18,Regular Play,Open Play,Left Foot,Normal,True,False,False,0.051288527,Off T,False
wc2022,3857295,2022-11-27,Group Stage,Japan,Costa Rica,Wataru Endo,Right Defensive Midfield,1,37,45,Regular Play,Open Play,Left Foot,Normal,False,False,False,0.03132781,Blocked,False
wc2022,3857295,2022-11-27,Group Stage,Japan,Costa Rica,Hidemasa Morita,Left Defensive Midfield,2,45,25,From Kick Off,Open Play,Right Foot,Normal,False,False,False,0.09737273,Saved,False
wc2022,3857295,2022-11-27,Group Stage,Japan,Costa Rica,Takuma Asano,Center Forward,2,45,28,From Kick Off,Open Play,Right Foot,Volley,True,False,False,0.051375452,Blocked,False
wc2022,3857295,2022-11-27,Group Stage,Japan,Costa Rica,Wataru Endo,Right Defensive Midfield,2,47,9,From Throw In,Open Play,Right Foot,Normal,False,True,False,0.042255066,Blocked,False
wc2022,3857295,2022-11-27,Group Stage,Japan,Costa Rica,Takuma Asano,Center Forward,2,47,13,From Throw In,Open Play,Head,Normal,False,False,False,0.08747226,Saved,False
wc2022,3857295,2022-11-27,Group Stage,Japan,Costa Rica,Ko Itakura,Right Center Back,2,49,26,From Corner,Open Play,Left Foot,Normal,False,False,False,0.07774679,Blocked,False
wc2022,3857295,2022-11-27,Group Stage,Japan,Costa Rica,Wataru Endo,Right Defensive Midfield,2,49,29,From Corner,Open Play,Right Foot,Normal,False,False,False,0.04122181,Blocked,False
wc2022,3857295,2022-11-27,Group Stage,Japan,Costa Rica,Yuki Soma,Left Wing Back,2,56,21,From Goal Kick,Open Play,Right Foot,Normal,False,False,False,0.022210024,Wayward,False
wc2022,3857295,2022-11-27,Group Stage,Japan,Costa Rica,Yuki Soma,Right Wing Back,2,62,40,From Free Kick,Free Kick,Right Foot,Normal,False,False,False,0.08557594,Off T,False
wc2022,3857295,2022-11-27,Group Stage,Japan,Costa Rica,Daichi Kamada,Left Wing,2,71,22,From Free Kick,Free Kick,Right Foot,Normal,False,False,False,0.10029054,Blocked,False
wc2022,3857295,2022-11-27,Group Stage,Japan,Costa Rica,Yuki Soma,Right Wing Back,2,71,24,From Free Kick,Open Play,Right Foot,Half Volley,False,False,False,0.027111016,Blocked,False
wc2022,3857295,2022-11-27,Group Stage,Costa Rica,Japan,Keysher Fuller Spence,Right Wing Back,2,80,8,Regular Play,Open Play,Left Foot,Normal,False,False,False,0.120298475,Goal,True
wc2022,3857295,2022-11-27,Group Stage,Japan,Costa Rica,Daichi Kamada,Left Wing,2,87,48,Regular Play,Open Play,Right Foot,Normal,True,False,False,0.09400092,Saved,False
wc2022,3869685,2022-12-18,Final,Argentina,France,Alexis Mac Allister,Left Center Midfield,1,4,40,Regular Play,Open Play,Right Foot,Normal,False,False,False,0.024542088,Saved,False
wc2022,3869685,2022-12-18,Final,Argentina,France,Rodrigo Javier De Paul,Right Center Midfield,1,7,36,Regular Play,Open Play,Right Foot,Normal,False,False,False,0.062813334,Blocked,False
wc2022,3869685,2022-12-18,Final,Argentina,France,Ángel Fabián Di María Hernández,Left Wing,1,16,15,Regular Play,Open Play,Right Foot,Normal,True,False,False,0.106800534,Off T,False
wc2022,3869685,2022-12-18,Final,Argentina,France,Lionel Andrés Messi Cuccittini,Right Wing,1,22,24,Other,Penalty,Left Foot,Normal,False,False,False,0.7835,Goal,True
wc2022,3869685,2022-12-18,Final,Argentina,France,Alexis Mac Allister,Left Center Midfield,1,31,35,Regular Play,Open Play,Right Foot,Half Volley,True,False,False,0.010577817,Wayward,False
wc2022,3869685,2022-12-18,Final,Argentina,France,Ángel Fabián Di María Hernández,Left Wing,1,35,22,From Counter,Open Play,Left Foot,Normal,True,False,False,0.30340916,Goal,True
wc2022,3869685,2022-12-18,Final,Argentina,France,Rodrigo Javier De Paul,Right Center Midfield,2,48,49,From Throw In,Open Play,Right Foot,Volley,True,False,False,0.040216275,Saved,False
wc2022,3869685,2022-12-18,Final,Argentina,France,Julián Álvarez,Center Forward,2,58,21,From Free Kick,Open Play,Left Foot,Normal,False,False,True,0.05953379,Saved,False
wc2022,3869685,2022-12-18,Final,Argentina,France,Lionel Andrés Messi Cuccittini,Right Wing,2,59,51,Regular Play,Open Play,Right Foot,Normal,False,False,False,0.11555985,Off T,False
wc2022,3869685,2022-12-18,Final,France,Argentina,Randal Kolo Muani,Right Wing,2,67,15,From Corner,Open Play,Head,Normal,False,True,False,0.09618377,Off T,False
wc2022,3869685,2022-12-18,Final,France,Argentina,Kylian Mbappé Lottin,Left Wing,2,70,9,Regular Play,Open Play,Right Foot,Normal,False,False,False,0.050644457,Off T,False
wc2022,3869685,2022-12-18,Final,Argentina,France,Enzo Fernandez,Center Defensive Midfield,2,71,31,From Goal Kick,Open Play,Right Foot,Normal,False,False,False,0.041589838,Saved,False
wc2022,3869685,2022-12-18,Final,France,Argentina,Kylian Mbappé Lottin,Left Center Forward,2,79,24,Other,Penalty,Right Foot,Normal,False,False,False,0.7835,Goal,True
wc2022,3869685,2022-12-18,Final,France,Argentina,Kylian Mbappé Lottin,Left Center Forward,2,80,59,From Throw In,Open Play,Right Foot,Volley,True,False,False,0.1017027,Goal,True
wc2022,3869685,2022-12-18,Final,Argentina,France,Enzo Fernandez,Center Defensive Midfield,2,83,23,From Throw In,Open Play,Right Foot,Normal,False,False,False,0.030159522,Blocked,False
wc2022,3869685,2022-12-18,Final,France,Argentina,Kylian Mbappé Lottin,Left Center Forward,2,92,57,From Counter,Open Play,Right Foot,Normal,False,False,False,0.0324491,Blocked,False
wc2022,3869685,2022-12-18,Final,France,Argentina,Adrien Rabiot,Left Defensive Midfield,2,93,45,From Corner,Open Play,Left Foot,Normal,True,False,False,0.09333491,Saved,False
wc2022,3869685,2022-12-18,Final,Argentina,France,Lionel Andrés Messi Cuccittini,Right Wing,2,96,37,Regular Play,Open Play,Left Foot,Normal,False,False,False,0.0430315,Saved,False
wc2022,3869685,2022-12-18,Final,Argentina,France,Alexis Mac Allister,Left Center Midfield,3,92,5,From Free Kick,Open Play,Right Foot,Half Volley,True,False,False,0.019259434,Off T,False
wc2022,3869685,2022-12-18,Final,France,Argentina,Youssouf Fofana,Left Defensive Midfield,3,99,54,From Free Kick,Open Play,Right Foot,Normal,False,False,False,0.023031652,Blocked,False
wc2022,3869685,2022-12-18,Final,Argentina,France,Lautaro Javier Martínez,Center Forward,3,104,28,Regular Play,Open Play,Right Foot,Normal,False,False,False,0.23260574,Blocked,False
wc2022,3869685,2022-12-18,Final,Argentina,France,Gonzalo Ariel Montiel,Right Back,3,104,30,Regular Play,Open Play,Right Foot,Half Volley,True,False,False,0.020604363,Blocked,False
wc2022,3869685,2022-12-18,Final,Argentina,France,Lautaro Javier Martínez,Center Forward,3,105,41,From Counter,Open Play,Left Foot,Half Volley,False,False,False,0.14029205,Off T,False
wc2022,3869685,2022-12-18,Final,Argentina,France,Lionel Andrés Messi Cuccittini,Right Wing,4,106,55,From Throw In,Open Play,Left Foot,Half Volley,True,False,False,0.024784861,Saved,False
wc2022,3869685,2022-12-18,Final,Argentina,France,Lautaro Javier Martínez,Center Forward,4,107,57,Regular Play,Open Play,Right Foot,Normal,False,False,True,0.10407211,Saved,False
wc2022,3869685,2022-12-18,Final,Argentina,France,Lionel Andrés Messi Cuccittini,Right Wing,4,107,58,Regular Play,Open Play,Right Foot,Half Volley,True,False,False,0.48840353,Goal,True
wc2022,3869685,2022-12-18,Final,France,Argentina,Kylian Mbappé Lottin,Left Center Forward,4,115,38,From Corner,Open Play,Right Foot,Normal,False,False,False,0.03075741,Blocked,False
wc2022,3869685,2022-12-18,Final,France,Argentina,Kylian Mbappé Lottin,Left Center Forward,4,117,5,Other,Penalty,Right Foot,Normal,False,False,False,0.7835,Goal,True
wc2022,3869685,2022-12-18,Final,France,Argentina,Randal Kolo Muani,Right Center Forward,4,122,44,From Free Kick,Open Play,Right Foot,Half Volley,True,False,False,0.27751395,Saved,False
wc2022,3869685,2022-12-18,Final,Argentina,France,Lautaro Javier Martínez,Left Center Forward,4,122,59,Regular Play,Open Play,Head,Normal,False,False,False,0.10655013,Off T,False
wc2022,3869685,2022-12-18,Final,France,Argentina,Kylian Mbappé Lottin,Left Center Forward,5,120,13,Other,Penalty,Right Foot,Normal,False,False,False,0.7835,Goal,True
wc2022,3869685,2022-12-18,Final,Argentina,France,Lionel Andrés Messi Cuccittini,Right Center Forward,5,121,2,Other,Penalty,Left Foot,Normal,False,False,False,0.7835,Goal,True
wc2022,3869685,2022-12-18,Final,France,Argentina,Kingsley Coman,Right Midfield,5,121,42,Other,Penalty,Right Foot,Normal,False,False,False,0.7835,Saved,False
wc2022,3869685,2022-12-18,Final,Argentina,France,Paulo Bruno Exequiel Dybala,Left Center Midfield,5,122,27,Other,Penalty,Left Foot,Normal,False,False,False,0.7835,Goal,True
wc2022,3869685,2022-12-18,Final,France,Argentina,Aurélien Djani Tchouaméni,Right Defensive Midfield,5,123,29,Other,Penalty,Right Foot,Normal,False,False,True,0.7835,Off T,False
wc2022,3869685,2022-12-18,Final,Argentina,France,Leandro Daniel Paredes,Center Defensive Midfield,5,124,16,Other,Penalty,Right Foot,Normal,False,False,False,0.7835,Goal,True
wc2022,3869685,2022-12-18,Final,France,Argentina,Randal Kolo Muani,Right Center Forward,5,125,9,Other,Penalty,Right Foot,Normal,False,False,False,0.7835,Goal,True
wc2022,3869685,2022-12-18,Final,Argentina,France,Gonzalo Ariel Montiel,Right Wing Back,5,125,57,Other,Penalty,Right Foot,Normal,False,False,False,0.7835,Goal,True
wc2022,3869684,2022-12-17,3rd Place Final,Croatia,Morocco,Joško Gvardiol,Left Center Back,1,6,28,From Free Kick,Open Play,Head,Diving Header,False,False,False,0.1243582,Goal,True
wc2022,3869684,2022-12-17,3rd Place Final,Morocco,Croatia,Achraf Dari,Left Center Back,1,8,17,From Free Kick,Open Play,Head,Normal,False,False,True,0.4178385,Goal,True
wc2022,3869684,2022-12-17,3rd Place Final,Croatia,Morocco,Mislav Oršić,Left Wing,1,9,35,From Kick Off,Open Play,Right Foot,Normal,False,False,False,0.02730659,Off T,False
wc2022,3869684,2022-12-17,3rd Place Final,Croatia,Morocco,Josip Stanišić,Right Back,1,13,55,From Throw In,Open Play,Right Foot,Normal,True,False,False,0.040524755,Off T,False
wc2022,3869684,2022-12-17,3rd Place Final,Croatia,Morocco,Mislav Oršić,Left Wing,1,17,21,Regular Play,Open Play,Right Foot,Normal,False,False,False,0.11308218,Blocked,False
wc2022,3869684,2022-12-17,3rd Place Final,Croatia,Morocco,Andrej Kramarić,Center Attacking Midfield,1,17,29,From Counter,Open Play,Head,Normal,False,False,False,0.13429043,Saved,False
wc2022,3869684,2022-12-17,3rd Place Final,Croatia,Morocco,Luka Modrić,Right Defensive Midfield,1,23,25,From Throw In,Open Play,Left Foot,Normal,False,False,False,0.07012748,Saved,False
wc2022,3869684,2022-12-17,3rd Place Final,Morocco,Croatia,Sofiane Boufal,Left Wing,1,32,9,Regular Play,Open Play,Left Foot,Volley,True,False,False,0.08611878,Off T,False
wc2022,3869684,2022-12-17,3rd Place Final,Morocco,Croatia,Youssef En-Nesyri,Center Forward,1,36,19,From Corner,Open Play,Head,Normal,False,True,False,0.04761149,Off T,False
wc2022,3869684,2022-12-17,3rd Place Final,Morocco,Croatia,Hakim Ziyech,Right Wing,1,39,41,From Goal Kick,Open Play,Left Foot,Normal,False,False,False,0.014617449,Off T,False
wc2022,3869684,2022-12-17,3rd Place Final,Croatia,Morocco,Mislav Oršić,Left Wing,1,41,43,Regular Play,Open Play,Right Foot,Normal,True,False,False,0.013095795,Goal,True
wc2022,3869684,2022-12-17,3rd Place Final,Croatia,Morocco,Marko Livaja,Center Forward,1,46,36,Regular Play,Open Play,Right Foot,Normal,False,False,False,0.02019975,Blocked,False
wc2022,3869684,2022-12-17,3rd Place Final,Croatia,Morocco,Mislav Oršić,Left Wing,2,46,22,From Free Kick,Open Play,Right Foot,Normal,False,False,False,0.028195048,Blocked,False
wc2022,3869684,2022-12-17,3rd Place Final,Croatia,Morocco,Mislav Oršić,Left Wing,2,54,5,From Corner,Open Play,Right Foot,Normal,True,False,False,0.0065055056,Off T,False
wc2022,3869684,2022-12-17,3rd Place Final,Morocco,Croatia,Youssef En-Nesyri,Center Forward,2,64,57,From Free Kick,Open Play,Head,Normal,False,True,False,0.072652236,Blocked,False
wc2022,3869684,2022-12-17,3rd Place Final,Croatia,Morocco,Nikola Vlašić,Right Wing,2,70,24,Regular Play,Open Play,Right Foot,Normal,False,False,False,0.03597725,Off T,False
wc2022,3869684,2022-12-17,3rd Place Final,Morocco,Croatia,Youssef En-Nesyri,Center Forward,2,74,35,Regular Play,Open Play,Left Foot,Half Volley,False,False,True,0.16040824,Saved,False
wc2022,3869684,2022-12-17,3rd Place Final,Croatia,Morocco,Mateo Kovačić,Left Defensive Midfield,2,86,30,Regular Play,Open Play,Left Foot,Normal,False,False,False,0.23560598,Off T,False
wc2022,3869684,2022-12-17,3rd Place Final,Morocco,Croatia,Youssef En-Nesyri,Center Forward,2,89,48,From Free Kick,Open Play,Head,Normal,False,True,False,0.057190012,Blocked,False
wc2022,3869684,2022-12-17,3rd Place Final,Morocco,Croatia,Hakim Ziyech,Right Wing,2,90,4,From Free Kick,Open Play,Left Foot,Normal,False,False,False,0.021768013,Off T,False
wc2022,3869684,2022-12-17,3rd Place Final,Morocco,Croatia,Youssef En-Nesyri,Center Forward,2,95,31,From Free Kick,Open Play,Head,Normal,False,True,False,0.1132524,Off T,False
wc2022,3857256,2022-12-02,Group Stage,Switzerland,Serbia,Granit Xhaka,Left Defensive Midfield,1,0,18,From Kick Off,Open Play,Left Foot,Half Volley,True,False,False,0.036565553,Blocked,False
wc2022,3857256,2022-12-02,Group Stage,Switzerland,Serbia,Breel-Donald Embolo,Center Forward,1,0,22,From Kick Off,Open Play,Left Foot,Half Volley,True,False,False,0.35328916,Saved,False
wc2022,3857256,2022-12-02,Group Stage,Switzerland,Serbia,Granit Xhaka,Left Defensive Midfield,1,0,23,From Kick Off,Open Play,Right Foot,Half Volley,True,False,False,0.06952749,Saved,False
wc2022,3857256,2022-12-02,Group Stage,Serbia,Switzerland,Nikola Milenković,Right Center Back,1,4,35,From Corner,Open Play,Head,Normal,False,False,False,0.08160872,Off T,False
wc2022,3857256,2022-12-02,Group Stage,Serbia,Switzerland,Andrija Živković,Right Wing Back,1,10,5,Regular Play,Open Play,Left Foot,Normal,False,False,False,0.030001678,Post,False
wc2022,3857256,2022-12-02,Group Stage,Serbia,Switzerland,Dušan Vlahović,Right Center Forward,1,10,7,Regular Play,Open Play,Other,Normal,False,False,True,0.5168786,Saved,False
wc2022,3857256,2022-12-02,Group Stage,Switzerland,Serbia,Remo Freuler,Right Defensive Midfield,1,13,35,From Free Kick,Open Play,Left Foot,Half Volley,True,False,False,0.09611784,Blocked,False
wc2022,3857256,2022-12-02,Group Stage,Switzerland,Serbia,Xherdan Shaqiri,Right Wing,1,19,11,From Free Kick,Open Play,Left Foot,Normal,True,False,False,0.06969889,Goal,True
wc2022,3857256,2022-12-02,Group Stage,Switzerland,Serbia,Granit Xhaka,Left Defensive Midfield,1,21,11,Regular Play,Open Play,Left Foot,Normal,True,False,False,0.04476528,Saved,False
wc2022,3857256,2022-12-02,Group Stage,Serbia,Switzerland,Dušan Vlahović,Right Center Forward,1,22,15,From Free Kick,Open Play,Head,Normal,False,False,True,0.08628477,Saved,False
wc2022,3857256,2022-12-02,Group Stage,Serbia,Switzerland,Aleksandar Mitrović,Left Center Forward,1,25,56,Regular Play,Open Play,Head,Normal,False,False,False,0.06371751,Goal,True
wc2022,3857256,2022-12-02,Group Stage,Switzerland,Serbia,Xherdan Shaqiri,Right Wing,1,29,53,From Free Kick,Open Play,Left Foot,Normal,False,True,True,0.3934682,Off T,False
wc2022,3857256,2022-12-02,Group Stage,Serbia,Switzerland,Dušan Vlahović,Right Center Forward,1,34,28,From Counter,Open Play,Left Foot,Normal,True,False,False,0.15928414,Goal,True
wc2022,3857256,2022-12-02,Group Stage,Switzerland,Serbia,Ruben Vargas,Left Wing,1,37,26,From Throw In,Open Play,Right Foot,Normal,True,False,False,0.0683221,Blocked,False
wc2022,3857256,2022-12-02,Group Stage,Switzerland,Serbia,Breel-Donald Embolo,Center Forward,1,43,41,Regular Play,Open Play,Right Foot,Normal,True,False,False,0.72697556,Goal,True
wc2022,3857256,2022-12-02,Group Stage,Serbia,Switzerland,Aleksandar Mitrović,Left Center Forward,1,47,38,From Throw In,Open Play,Right Foot,Volley,True,False,False,0.056521177,Wayward,False
wc2022,3857256,2022-12-02,Group Stage,Switzerland,Serbia,Remo Freuler,Right Defensive Midfield,2,47,38,From Free Kick,Open Play,Left Foot,Half Volley,True,False,False,0.15381548,Goal,True
wc2022,3857256,2022-12-02,Group Stage,Switzerland,Serbia,Fabian Lukas Schär,Right Center Back,2,56,32,From Free Kick,Open Play,Right Foot,Volley,True,False,False,0.07925899,Blocked,False
wc2022,3857256,2022-12-02,Group Stage,Switzerland,Serbia,Breel-Donald Embolo,Center Forward,2,56,33,From Free Kick,Open Play,Right Foot,Half Volley,True,False,False,0.6647709,Off T,False
wc2022,3857256,2022-12-02,Group Stage,Serbia,Switzerland,Dušan Tadić,Center Attacking Midfield,2,60,6,Regular Play,Open Play,Left Foot,Half Volley,False,False,False,0.061684445,Off T,False
wc2022,3857256,2022-12-02,Group Stage,Serbia,Switzerland,Aleksandar Mitrović,Left Center Forward,2,70,49,Regular Play,Open Play,Right Foot,Normal,False,False,False,0.03203667,Blocked,False
wc2022,3857256,2022-12-02,Group Stage,Serbia,Switzerland,Luka Jović,Right Center Forward,2,72,0,Regular Play,Open Play,Head,Normal,False,True,False,0.02594082,Blocked,False
wc2022,3857256,2022-12-02,Group Stage,Switzerland,Serbia,Manuel Obafemi Akanji,Left Center Back,2,81,58,From Free Kick,Open Play,Right Foot,Normal,True,False,False,0.030122569,Off T,False
wc2022,3857256,2022-12-02,Group Stage,Switzerland,Serbia,Christian Fassnacht,Left Wing,2,88,48,From Free Kick,Open Play,Right Foot,Normal,False,False,False,0.31681746,Saved,False
wc2022,3857256,2022-12-02,Group Stage,Serbia,Switzerland,Luka Jović,Right Center Forward,2,91,50,From Throw In,Open Play,Head,Normal,False,True,False,0.03223471,Off T,False
wc2022,3857256,2022-12-02,Group Stage,Serbia,Switzerland,Nemanja Radonjić,Right Wing Back,2,99,51,From Free Kick,Open Play,Left Foot,Half Volley,True,False,False,0.042810295,Off T,False
wc2022,3869151,2022-12-03,Round of 16,Argentina,Australia,Alejandro Darío Gómez,Left Wing,1,16,29,From Free Kick,Open Play,Right Foot,Normal,False,False,False,0.011147299,Off T,False
wc2022,3869151,2022-12-03,Round of 16,Australia,Argentina,Harry Souttar,Right Center Back,1,28,9,From Corner,Open Play,Head,Normal,False,True,False,0.06809473,Blocked,False
wc2022,3869151,2022-12-03,Round of 16,Argentina,Australia,Lionel Andrés Messi Cuccittini,Right Center Forward,1,34,35,From Free Kick,Open Play,Left Foot,Normal,False,False,False,0.06663833,Goal,True
wc2022,3869151,2022-12-03,Round of 16,Argentina,Australia,Lionel Andrés Messi Cuccittini,Right Center Forward,2,49,59,Regular Play,Open Play,Left Foot,Normal,False,False,False,0.04517154,Saved,False
wc2022,3869151,2022-12-03,Round of 16,Argentina,Australia,Julián Álvarez,Left Center Forward,2,56,41,Regular Play,Open Play,Right Foot,Normal,False,False,False,0.28060678,Goal,True
wc2022,3869151,2022-12-03,Round of 16,Argentina,Australia,Lionel Andrés Messi Cuccittini,Right Center Forward,2,65,50,From Corner,Open Play,Left Foot,Normal,False,False,False,0.032841697,Off T,False
wc2022,3869151,2022-12-03,Round of 16,Argentina,Australia,Nicolás Alejandro Tagliafico,Left Wing Back,2,74,43,Regular Play,Open Play,Left Foot,Normal,False,False,False,0.05181273,Off T,False
wc2022,3869151,2022-12-03,Round of 16,Australia,Argentina,Craig Goodwin,Left Midfield,2,76,9,Regular Play,Open Play,Left Foot,Half Volley,True,False,False,0.013616442,Blocked,False
wc2022,3869151,2022-12-03,Round of 16,Australia,Argentina,Aziz Eraltay Behich,Left Back,2,80,8,From Free Kick,Open Play,Right Foot,Normal,False,False,False,0.07721693,Blocked,False
wc2022,3869151,2022-12-03,Round of 16,Australia,Argentina,Ajdin Hrustic,Right Midfield,2,80,41,From Corner,Open Play,Left Foot,Normal,False,True,False,0.033247408,Off T,False
wc2022,3869151,2022-12-03,Round of 16,Argentina,Australia,Lautaro Javier Martínez,Left Center Forward,2,87,15,From Free Kick,Open Play,Right Foot,Normal,True,False,False,0.051439364,Off T,False
wc2022,3869151,2022-12-03,Round of 16,Argentina,Australia,Lautaro Javier Martínez,Left Center Forward,2,88,11,From Counter,Open Play,Right Foot,Normal,True,False,False,0.24890411,Off T,False
wc2022,3869151,2022-12-03,Round of 16,Argentina,Australia,Lautaro Javier Martínez,Left Center Forward,2,92,10,From Throw In,Open Play,Left Foot,Normal,False,False,False,0.37209997,Saved,False
wc2022,3869151,2022-12-03,Round of 16,Argentina,Australia,Lionel Andrés Messi Cuccittini,Right Center Forward,2,92,50,Regular Play,Open Play,Left Foot,Normal,False,False,False,0.055600196,Off T,False
wc2022,3869151,2022-12-03,Round of 16,Argentina,Australia,Exequiel Alejandro Palacios,Left Center Midfield,2,93,43,Regular Play,Open Play,Right Foot,Normal,False,False,False,0.046685893,Blocked,False
wc2022,3869151,2022-12-03,Round of 16,Argentina,Australia,Lionel Andrés Messi Cuccittini,Right Center Forward,2,93,54,Regular Play,Open Play,Left Foot,Normal,False,True,False,0.032042325,Blocked,False
wc2022,3869151,2022-12-03,Round of 16,Argentina,Australia,Lautaro Javier Martínez,Left Center Forward,2,93,59,Regular Play,Open Play,Left Foot,Normal,False,False,False,0.076142184,Saved,False
wc2022,3869151,2022-12-03,Round of 16,Argentina,Australia,Lionel Andrés Messi Cuccittini,Right Center Forward,2,94,0,Regular Play,Open Play,Left Foot,Half Volley,True,False,False,0.110446885,Wayward,False
wc2022,3869151,2022-12-03,Round of 16,Australia,Argentina,Garang Kuol,Left Center Forward,2,96,36,Regular Play,Open Play,Right Foot,Normal,False,False,False,0.23394231,Saved,False
wc2022,3857257,2022-11-30,Group Stage,Australia,Denmark,Riley McGree,Right Center Forward,1,2,29,From Throw In,Open Play,Left Foot,Normal,False,False,False,0.038979717,Blocked,False
wc2022,3857257,2022-11-30,Group Stage,Denmark,Australia,Jesper Lindstrøm,Left Wing,1,10,0,From Goal Kick,Open Play,Right Foot,Normal,True,False,False,0.09599891,Blocked,False
wc2022,3857257,2022-11-30,Group Stage,Denmark,Australia,Mathias Jensen,Right Center Midfield,1,10,52,From Goal Kick,Open Play,Right Foot,Normal,False,False,True,0.019605601,Saved,False
wc2022,3857257,2022-11-30,Group Stage,Denmark,Australia,Andreas Skov Olsen,Right Wing,1,13,33,From Throw In,Open Play,Right Foot,Normal,False,False,False,0.10059545,Off T,False
wc2022,3857257,2022-11-30,Group Stage,Australia,Denmark,Riley McGree,Right Center Forward,1,21,44,From Free Kick,Open Play,Left Foot,Half Volley,False,False,False,0.010740947,Saved,False
wc2022,3857257,2022-11-30,Group Stage,Denmark,Australia,Andreas Skov Olsen,Right Wing,1,24,7,From Throw In,Open Play,Right Foot,Normal,True,False,False,0.09373255,Saved,False
wc2022,3857257,2022-11-30,Group Stage,Denmark,Australia,Christian Dannemann Eriksen,Left Center Midfield,1,28,36,Regular Play,Open Play,Right Foot,Normal,False,False,False,0.035615563,Off T,False
wc2022,3857257,2022-11-30,Group Stage,Australia,Denmark,Mitchell Thomas Duke,Left Center Forward,1,31,33,From Throw In,Open Play,Head,Normal,False,False,False,0.037495814,Saved,False
wc2022,3857257,2022-11-30,Group Stage,Australia,Denmark,Mitchell Thomas Duke,Left Center Forward,1,40,57,From Throw In,Open Play,Right Foot,Normal,False,False,False,0.010397313,Saved,False
wc2022,3857257,2022-11-30,Group Stage,Australia,Denmark,Aziz Eraltay Behich,Left Back,2,46,10,From Corner,Open Play,Right Foot,Half Volley,True,False,False,0.049681988,Blocked,False
wc2022,3857257,2022-11-30,Group Stage,Australia,Denmark,Jackson Irvine,Center Attacking Midfield,2,47,47,Regular Play,Open Play,Left Foot,Half Volley,True,False,False,0.17342122,Off T,False
wc2022,3857257,2022-11-30,Group Stage,Denmark,Australia,Andreas Skov Olsen,Right Wing,2,51,59,From Throw In,Open Play,Left Foot,Normal,False,False,False,0.046983063,Blocked,False
wc2022,3857257,2022-11-30,Group Stage,Australia,Denmark,Mathew Leckie,Right Wing,2,59,56,From Counter,Open Play,Left Foot,Normal,False,False,False,0.11353828,Goal,True
wc2022,3857257,2022-11-30,Group Stage,Denmark,Australia,Andreas Skov Olsen,Right Wing,2,68,4,From Throw In,Open Play,Left Foot,Normal,False,True,False,0.070518844,Blocked,False
wc2022,3857257,2022-11-30,Group Stage,Denmark,Australia,Joachim Andersen,Right Center Back,2,68,39,From Corner,Open Play,Head,Normal,False,True,False,0.020115681,Off T,False
wc2022,3857257,2022-11-30,Group Stage,Denmark,Australia,Alexander Hartmann Bah,Right Back,2,76,24,Regular Play,Open Play,Right Foot,Half Volley,True,False,False,0.019515881,Blocked,False
wc2022,3857257,2022-11-30,Group Stage,Denmark,Australia,Kasper Dolberg,Left Center Forward,2,76,25,Regular Play,Open Play,Left Foot,Backheel,True,False,False,0.049264465,Saved,False
wc2022,3857257,2022-11-30,Group Stage,Denmark,Australia,Jesper Lindstrøm,Left Midfield,2,81,19,Regular Play,Open Play,Right Foot,Normal,False,False,False,0.048889678,Blocked,False
wc2022,3857257,2022-11-30,Group Stage,Australia,Denmark,Keanu Baccus,Right Wing,2,84,55,From Counter,Open Play,Right Foot,Normal,False,False,False,0.035468098,Blocked,False
wc2022,3857257,2022-11-30,Group Stage,Denmark,Australia,Alexander Hartmann Bah,Right Back,2,87,30,Regular Play,Open Play,Right Foot,Normal,True,False,False,0.03670106,Off T,False
wc2022,3857257,2022-11-30,Group Stage,Denmark,Australia,Kasper Dolberg,Left Center Forward,2,94,11,From Counter,Open Play,Right Foot,Backheel,True,False,False,0.08217044,Saved,False
wc2022,3857257,2022-11-30,Group Stage,Denmark,Australia,Andreas Evald Cornelius,Right Center Forward,2,94,59,From Corner,Open Play,Head,Normal,False,False,False,0.017447446,Off T,False
wc2022,3857258,2022-11-24,Group Stage,Brazil,Serbia,Neymar da Silva Santos Junior,Center Attacking Midfield,1,12,53,From Corner,Corner,Right Foot,Normal,False,False,True,0.00018,Saved,False
wc2022,3857258,2022-11-24,Group Stage,Brazil,Serbia,Neymar da Silva Santos Junior,Center Attacking Midfield,1,20,6,Regular Play,Open Play,Right Foot,Normal,False,False,False,0.020173745,Blocked,False
wc2022,3857258,2022-11-24,Group Stage,Brazil,Serbia,Carlos Henrique Casimiro,Left Defensive Midfield,1,20,51,Regular Play,Open Play,Right Foot,Normal,False,False,False,0.0075366697,Saved,False
wc2022,3857258,2022-11-24,Group Stage,Brazil,Serbia,Raphael Dias Belloli,Right Wing,1,34,7,Regular Play,Open Play,Left Foot,Half Volley,False,True,False,0.119197816,Saved,False
wc2022,3857258,2022-11-24,Group Stage,Serbia,Brazil,Filip Mladenović,Left Wing Back,1,36,12,Regular Play,Open Play,Head,Normal,False,True,False,0.026318645,Off T,False
wc2022,3857258,2022-11-24,Group Stage,Brazil,Serbia,Vinícius José Paixão de Oliveira Júnior,Left Wing,1,40,38,Regular Play,Open Play,Right Foot,Half Volley,False,False,True,0.09814694,Off T,False
wc2022,3857258,2022-11-24,Group Stage,Brazil,Serbia,Raphael Dias Belloli,Right Wing,2,45,35,Regular Play,Open Play,Left Foot,Normal,False,False,False,0.4224228,Saved,False
wc2022,3857258,2022-11-24,Group Stage,Brazil,Serbia,Neymar da Silva Santos Junior,Center Attacking Midfield,2,49,57,From Free Kick,Free Kick,Right Foot,Normal,False,False,False,0.06281959,Blocked,False
wc2022,3857258,2022-11-24,Group Stage,Brazil,Serbia,Thiago Emiliano da Silva,Left Center Back,2,50,21,From Corner,Open Play,Head,Normal,False,False,False,0.06673048,Blocked,False
wc2022,3857258,2022-11-24,Group Stage,Brazil,Serbia,Richarlison de Andrade,Center Forward,2,50,23,From Corner,Open Play,Right Foot,Half Volley,False,False,False,0.0399856,Blocked,False
wc2022,3857258,2022-11-24,Group Stage,Brazil,Serbia,Danilo Luiz da Silva,Right Back,2,53,16,Regular Play,Open Play,Right Foot,Volley,True,False,False,0.016877638,Wayward,False
wc2022,3857258,2022-11-24,Group Stage,Brazil,Serbia,Neymar da Silva Santos Junior,Center Attacking Midfield,2,54,39,From Throw In,Open Play,Left Foot,Half Volley,True,False,False,0.11246919,Off T,False
wc2022,3857258,2022-11-24,Group Stage,Brazil,Serbia,Alex Sandro Lobo Silva,Left Back,2,59,25,From Free Kick,Open Play,Left Foot,Normal,False,False,False,0.021819543,Post,False
wc2022,3857258,2022-11-24,Group Stage,Brazil,Serbia,Vinícius José Paixão de Oliveira Júnior,Left Wing,2,59,36,From Free Kick,Open Play,Right Foot,Normal,False,False,False,0.009459062,Off T,False
wc2022,3857258,2022-11-24,Group Stage,Brazil,Serbia,Vinícius José Paixão de Oliveira Júnior,Left Wing,2,61,57,Regular Play,Open Play,Right Foot,Normal,True,False,False,0.07986015,Saved,False
wc2022,3857258,2022-11-24,Group Stage,Brazil,Serbia,Richarlison de Andrade,Center Forward,2,61,58,Regular Play,Open Play,Right Foot,Volley,True,False,False,0.568145,Goal,True
wc2022,3857258,2022-11-24,Group Stage,Brazil,Serbia,Vinícius José Paixão de Oliveira Júnior,Left Wing,2,66,46,Regular Play,Open Play,Left Foot,Normal,False,False,False,0.14253756,Off T,False
wc2022,3857258,2022-11-24,Group Stage,Serbia,Brazil,Strahinja Pavlović,Left Center Back,2,68,34,From Corner,Open Play,Head,Normal,False,True,False,0.098937765,Off T,False
wc2022,3857258,2022-11-24,Group Stage,Serbia,Brazil,Darko Lazović,Right Wing Back,2,69,54,From Corner,Open Play,Right Foot,Half Volley,True,False,False,0.018288644,Off T,False
wc2022,3857258,2022-11-24,Group Stage,Brazil,Serbia,Richarlison de Andrade,Center Forward,2,72,54,From Throw In,Open Play,Right Foot,Volley,False,False,False,0.07569885,Goal,True
wc2022,3857258,2022-11-24,Group Stage,Brazil,Serbia,Carlos Henrique Casimiro,Left Defensive Midfield,2,76,48,Regular Play,Open Play,Right Foot,Normal,True,True,False,0.010592449,Blocked,False
wc2022,3857258,2022-11-24,Group Stage,Brazil,Serbia,Carlos Henrique Casimiro,Left Defensive Midfield,2,80,52,Regular Play,Open Play,Right Foot,Normal,True,False,False,0.06218912,Post,False
wc2022,3857258,2022-11-24,Group Stage,Brazil,Serbia,Rodrygo Silva de Goes,Center Attacking Midfield,2,81,32,Regular Play,Open Play,Right Foot,Normal,True,False,False,0.03669105,Saved,False
wc2022,3857258,2022-11-24,Group Stage,Brazil,Serbia,Frederico Rodrigues Santos,Right Defensive Midfield,2,82,32,Regular Play,Open Play,Left Foot,Normal,False,False,False,0.088970646,Saved,False
wc2022,3857258,2022-11-24,Group Stage,Serbia,Brazil,Nikola Milenković,Right Center Back,2,84,22,From Goal Kick,Open Play,Right Foot,Normal,False,False,False,0.011090157,Blocked,False
wc2022,3857258,2022-11-24,Group Stage,Brazil,Serbia,Rodrygo Silva de Goes,Center Attacking Midfield,2,86,7,Regular Play,Open Play,Right Foot,Normal,False,False,False,0.051727816,Off T,False
wc2022,3857258,2022-11-24,Group Stage,Brazil,Serbia,Antony Matheus dos Santos,Right Wing,2,87,49,Regular Play,Open Play,Left Foot,Normal,False,False,False,0.009657804,Off T,False
wc2022,3857258,2022-11-24,Group Stage,Serbia,Brazil,Nemanja Radonjić,Left Wing Back,2,97,3,From Free Kick,Open Play,Right Foot,Normal,False,True,False,0.008691933,Blocked,False
wc2022,3857288,2022-11-26,Group Stage,Australia,Tunisia,Fran Karačić,Right Back,1,5,35,From Free Kick,Open Play,Right Foot,Volley,True,True,False,0.015131147,Blocked,False
wc2022,3857288,2022-11-26,Group Stage,Tunisia,Australia,Mohamed Dräger,Right Wing Back,1,20,20,From Throw In,Open Play,Right Foot,Normal,False,False,False,0.029703999,Off T,False
wc2022,3857288,2022-11-26,Group Stage,Australia,Tunisia,Mitchell Thomas Duke,Right Center Forward,1,22,50,From Throw In,Open Play,Head,Normal,False,False,False,0.04459479,Goal,True
wc2022,3857288,2022-11-26,Group Stage,Australia,Tunisia,Mitchell Thomas Duke,Right Center Forward,1,26,6,From Free Kick,Open Play,Head,Normal,False,False,False,0.03948435,Blocked,False
wc2022,3857288,2022-11-26,Group Stage,Australia,Tunisia,Jackson Irvine,Right Defensive Midfield,1,33,45,From Corner,Open Play,Right Foot,Backheel,True,False,False,0.07543106,Off T,False
wc2022,3857288,2022-11-26,Group Stage,Tunisia,Australia,Youssef Msakni,Left Attacking Midfield,1,37,17,From Counter,Open Play,Right Foot,Normal,False,False,False,0.031703874,Blocked,False
wc2022,3857288,2022-11-26,Group Stage,Tunisia,Australia,Mohamed Dräger,Right Wing Back,1,40,6,From Throw In,Open Play,Right Foot,Normal,True,False,False,0.21984866,Blocked,False
wc2022,3857288,2022-11-26,Group Stage,Australia,Tunisia,Mitchell Thomas Duke,Right Center Forward,1,43,4,From Free Kick,Open Play,Head,Normal,False,True,False,0.040856346,Saved,False
wc2022,3857288,2022-11-26,Group Stage,Australia,Tunisia,Fran Karačić,Right Back,1,43,38,Regular Play,Open Play,Left Foot,Half Volley,True,False,False,0.035070673,Blocked,False
wc2022,3857288,2022-11-26,Group Stage,Australia,Tunisia,Fran Karačić,Right Back,1,45,44,From Corner,Open Play,Right Foot,Volley,True,False,False,0.0052714557,Wayward,False
wc2022,3857288,2022-11-26,Group Stage,Tunisia,Australia,Youssef Msakni,Left Attacking Midfield,1,47,16,From Throw In,Open Play,Right Foot,Normal,True,False,False,0.23484555,Off T,False
wc2022,3857288,2022-11-26,Group Stage,Australia,Tunisia,Mitchell Thomas Duke,Right Center Forward,2,56,17,From Throw In,Open Play,Head,Normal,False,False,False,0.06400663,Wayward,False
wc2022,3857288,2022-11-26,Group Stage,Tunisia,Australia,Ferjani Sassi,Right Center Midfield,2,60,25,From Throw In,Open Play,Right Foot,Normal,False,False,False,0.020219443,Off T,False
wc2022,3857288,2022-11-26,Group Stage,Tunisia,Australia,Youssef Msakni,Left Wing,2,65,18,Regular Play,Open Play,Right Foot,Normal,True,False,False,0.058604978,Blocked,False
wc2022,3857288,2022-11-26,Group Stage,Tunisia,Australia,Youssef Msakni,Left Wing,2,71,22,Regular Play,Open Play,Left Foot,Normal,True,False,False,0.026706748,Saved,False
wc2022,3857288,2022-11-26,Group Stage,Tunisia,Australia,Youssef Msakni,Left Wing,2,71,50,Regular Play,Open Play,Right Foot,Normal,False,False,False,0.048467197,Saved,False
wc2022,3857288,2022-11-26,Group Stage,Australia,Tunisia,Aaron Mooy,Left Defensive Midfield,2,73,15,From Throw In,Open Play,Right Foot,Half Volley,True,False,False,0.039191317,Off T,False
wc2022,3857288,2022-11-26,Group Stage,Tunisia,Australia,Youssef Msakni,Left Wing,2,74,6,From Throw In,Open Play,Head,Normal,False,True,False,0.10262261,Off T,False
wc2022,3857288,2022-11-26,Group Stage,Tunisia,Australia,Montassar Omar Talbi,Left Center Back,2,83,13,From Throw In,Open Play,Right Foot,Volley,True,False,False,0.012159805,Saved,False
wc2022,3857288,2022-11-26,Group Stage,Tunisia,Australia,Taha Yassine Khenissi,Center Forward,2,85,32,From Counter,Open Play,Right Foot,Normal,False,False,False,0.012915949,Blocked,False
wc2022,3857288,2022-11-26,Group Stage,Tunisia,Australia,Naïm Sliti,Right Wing,2,86,36,Regular Play,Open Play,Left Foot,Normal,False,False,False,0.1403044,Blocked,False
wc2022,3857288,2022-11-26,Group Stage,Tunisia,Australia,Wahbi Khazri,Center Attacking Midfield,2,87,48,Regular Play,Open Play,Left Foot,Normal,True,False,False,0.09264534,Saved,False
wc2022,3857288,2022-11-26,Group Stage,Tunisia,Australia,Wahbi Khazri,Center Attacking Midfield,2,91,46,Regular Play,Open Play,Right Foot,Normal,False,False,False,0.021421792,Blocked,False
wc2022,3857267,2022-11-29,Group Stage,Senegal,Ecuador,Idrissa Gana Gueye,Center Attacking Midfield,1,2,43,From Goal Kick,Open Play,Right Foot,Normal,False,False,False,0.21271749,Off T,False
wc2022,3857267,2022-11-29,Group Stage,Senegal,Ecuador,Boulaye Dia,Center Forward,1,7,47,From Free Kick,Open Play,Right Foot,Normal,True,False,False,0.16839646,Off T,False
wc2022,3857267,2022-11-29,Group Stage,Ecuador,Senegal,Enner Remberto Valencia Lastra,Left Wing,1,9,51,From Free Kick,Free Kick,Right Foot,Normal,False,False,False,0.021615954,Blocked,False
wc2022,3857267,2022-11-29,Group Stage,Ecuador,Senegal,Enner Remberto Valencia Lastra,Left Wing,1,9,58,From Free Kick,Open Play,Right Foot,Half Volley,True,False,False,0.02803523,Blocked,False
wc2022,3857267,2022-11-29,Group Stage,Senegal,Ecuador,Ismaïla Sarr,Left Wing,1,10,52,From Corner,Open Play,Right Foot,Half Volley,False,False,False,0.042373266,Blocked,False
wc2022,3857267,2022-11-29,Group Stage,Senegal,Ecuador,Iliman Ndiaye,Right Wing,1,11,53,From Corner,Open Play,Left Foot,Normal,False,False,False,0.02889044,Off T,False
wc2022,3857267,2022-11-29,Group Stage,Senegal,Ecuador,Ismaïla Sarr,Left Wing,1,23,37,Regular Play,Open Play,Right Foot,Normal,False,False,False,0.023828069,Blocked,False
wc2022,3857267,2022-11-29,Group Stage,Senegal,Ecuador,Pape Gueye,Left Defensive Midfield,1,24,20,From Corner,Open Play,Left Foot,Normal,False,False,False,0.025696881,Blocked,False
wc2022,3857267,2022-11-29,Group Stage,Senegal,Ecuador,Abdou Diallo,Left Center Back,1,24,27,From Corner,Open Play,Head,Normal,False,False,False,0.035411544,Wayward,False
wc2022,3857267,2022-11-29,Group Stage,Senegal,Ecuador,Pathé Ismaël Ciss,Right Defensive Midfield,1,36,31,From Free Kick,Open Play,Head,Normal,False,False,False,0.03057826,Off T,False
wc2022,3857267,2022-11-29,Group Stage,Senegal,Ecuador,Ismaïla Sarr,Left Wing,1,43,41,Other,Penalty,Right Foot,Normal,False,False,False,0.7835,Goal,True
wc2022,3857267,2022-11-29,Group Stage,Senegal,Ecuador,Iliman Ndiaye,Right Wing,1,46,31,Regular Play,Open Play,Left Foot,Half Volley,False,False,False,0.04522632,Blocked,False
wc2022,3857267,2022-11-29,Group Stage,Ecuador,Senegal,José Adoni Cifuentes Charcopa,Right Defensive Midfield,2,48,26,From Throw In,Open Play,Right Foot,Normal,False,False,False,0.025271386,Saved,False
wc2022,3857267,2022-11-29,Group Stage,Ecuador,Senegal,Michael Steveen Estrada Martínez,Right Center Forward,2,56,59,Regular Play,Open Play,Head,Normal,False,False,False,0.042533338,Off T,False
wc2022,3857267,2022-11-29,Group Stage,Ecuador,Senegal,Felix Eduardo Torres Caicedo,Right Center Back,2,66,57,From Corner,Open Play,Head,Normal,False,False,False,0.15397952,Wayward,False
wc2022,3857267,2022-11-29,Group Stage,Ecuador,Senegal,Moisés Isaac Caicedo Corozo,Left Defensive Midfield,2,66,58,From Corner,Open Play,Right Foot,Volley,True,False,False,0.5894187,Goal,True
wc2022,3857267,2022-11-29,Group Stage,Senegal,Ecuador,Kalidou Koulibaly,Right Center Back,2,69,30,From Free Kick,Open Play,Right Foot,Volley,True,False,False,0.23427999,Goal,True
wc2022,3857267,2022-11-29,Group Stage,Ecuador,Senegal,Gonzalo Jordy Plata Jiménez,Right Midfield,2,75,48,From Throw In,Open Play,Left Foot,Half Volley,False,False,False,0.058988493,Saved,False
wc2022,3857267,2022-11-29,Group Stage,Senegal,Ecuador,Boulaye Dia,Right Wing,2,81,53,From Throw In,Open Play,Right Foot,Normal,True,False,False,0.04455093,Off T,False
wc2022,3857267,2022-11-29,Group Stage,Senegal,Ecuador,Pape Gueye,Left Defensive Midfield,2,87,46,From Free Kick,Open Play,Right Foot,Normal,False,False,False,0.03201506,Saved,False
wc2022,3857267,2022-11-29,Group Stage,Ecuador,Senegal,Jeremy Leonel Sarmiento Morante,Left Midfield,2,88,59,From Throw In,Open Play,Head,Normal,False,False,False,0.02928531,Saved,False
wc2022,3857267,2022-11-29,Group Stage,Ecuador,Senegal,Jackson Gabriel Porozo Vernaza,Right Back,2,93,53,From Throw In,Open Play,Head,Normal,False,False,False,0.052534856,Off T,False
wc2022,3857287,2022-11-24,Group Stage,Uruguay,South Korea,Matías Vecino Falero,Left Center Midfield,1,12,38,From Throw In,Open Play,Head,Normal,False,False,False,0.052239094,Saved,False
wc2022,3857287,2022-11-24,Group Stage,Uruguay,South Korea,Federico Santiago Valverde Dipetta,Right Center Midfield,1,18,45,From Goal Kick,Open Play,Left Foot,Half Volley,False,True,False,0.05187739,Off T,False
wc2022,3857287,2022-11-24,Group Stage,South Korea,Uruguay,Ui-Jo Hwang,Center Forward,1,33,36,From Throw In,Open Play,Right Foot,Normal,True,False,False,0.323128,Off T,False
wc2022,3857287,2022-11-24,Group Stage,South Korea,Uruguay,In-Beom Hwang,Right Defensive Midfield,1,38,40,From Throw In,Open Play,Right Foot,Normal,False,False,False,0.007071261,Off T,False
wc2022,3857287,2022-11-24,Group Stage,Uruguay,South Korea,Diego Roberto Godín Leal,Right Center Back,1,42,50,From Corner,Open Play,Head,Normal,False,True,False,0.054689027,Post,False
wc2022,3857287,2022-11-24,Group Stage,Uruguay,South Korea,José María Giménez de Vargas,Left Center Back,1,45,10,From Free Kick,Open Play,Head,Normal,False,False,False,0.046385217,Off T,False
wc2022,3857287,2022-11-24,Group Stage,South Korea,Uruguay,Min Jae Kim,Right Center Back,2,52,7,From Corner,Open Play,Other,Normal,False,False,False,0.046898182,Wayward,False
wc2022,3857287,2022-11-24,Group Stage,Uruguay,South Korea,Rodrigo Bentancur Colmán,Center Defensive Midfield,2,54,21,From Free Kick,Open Play,Right Foot,Normal,False,False,False,0.052523207,Blocked,False
wc2022,3857287,2022-11-24,Group Stage,Uruguay,South Korea,Federico Santiago Valverde Dipetta,Right Defensive Midfield,2,68,9,Regular Play,Open Play,Right Foot,Half Volley,True,False,False,0.014167523,Wayward,False
wc2022,3857287,2022-11-24,Group Stage,Uruguay,South Korea,Edinson Roberto Cavani Gómez,Right Center Forward,2,68,37,From Throw In,Open Play,Right Foot,Normal,False,False,False,0.03804607,Blocked,False
wc2022,3857287,2022-11-24,Group Stage,South Korea,Uruguay,Kang-In Lee,Right Wing,2,74,42,From Goal Kick,Open Play,Left Foot,Normal,False,False,False,0.023162797,Blocked,False
wc2022,3857287,2022-11-24,Group Stage,South Korea,Uruguay,Gue-Sung Cho,Center Forward,2,76,51,From Throw In,Open Play,Left Foot,Half Volley,False,False,False,0.036145955,Off T,False
wc2022,3857287,2022-11-24,Group Stage,Uruguay,South Korea,Darwin Gabriel Núñez Ribeiro,Left Center Forward,2,80,43,Regular Play,Open Play,Right Foot,Normal,False,False,False,0.028178101,Off T,False
wc2022,3857287,2022-11-24,Group Stage,Uruguay,South Korea,Edinson Roberto Cavani Gómez,Right Center Forward,2,86,56,Regular Play,Open Play,Head,Normal,False,False,False,0.06689449,Off T,False
wc2022,3857287,2022-11-24,Group Stage,Uruguay,South Korea,Federico Santiago Valverde Dipetta,Right Defensive Midfield,2,88,58,Regular Play,Open Play,Right Foot,Normal,False,False,False,0.012294213,Post,False
wc2022,3857287,2022-11-24,Group Stage,South Korea,Uruguay,Heung-Min Son,Left Wing,2,89,54,From Goal Kick,Open Play,Left Foot,Normal,False,False,False,0.0335565,Off T,False
wc2022,3857287,2022-11-24,Group Stage,South Korea,Uruguay,In-Beom Hwang,Center Attacking Midfield,2,93,6,From Throw In,Open Play,Left Foot,Normal,False,False,False,0.023029828,Off T,False
wc2022,3869486,2022-12-10,Quarter-finals,Portugal,Morocco,João Félix Sequeira,Left Wing,1,3,59,From Free Kick,Open Play,Head,Diving Header,False,False,False,0.0989785,Saved,False
wc2022,3869486,2022-12-10,Quarter-finals,Morocco,Portugal,Youssef En-Nesyri,Center Forward,1,5,56,From Corner,Open Play,Head,Normal,False,False,False,0.117904566,Off T,False
wc2022,3869486,2022-12-10,Quarter-finals,Portugal,Morocco,Raphaël Adelino José Guerreiro,Left Back,1,12,26,From Free Kick,Open Play,Left Foot,Volley,True,False,False,0.019215545,Blocked,False
wc2022,3869486,2022-12-10,Quarter-finals,Morocco,Portugal,Hakim Ziyech,Right Midfield,1,17,49,Regular Play,Open Play,Left Foot,Normal,False,False,False,0.008206696,Off T,False
wc2022,3869486,2022-12-10,Quarter-finals,Morocco,Portugal,Youssef En-Nesyri,Center Forward,1,25,21,From Free Kick,Open Play,Head,Normal,False,False,False,0.043849364,Off T,False
wc2022,3869486,2022-12-10,Quarter-finals,Portugal,Morocco,João Félix Sequeira,Left Wing,1,30,9,Regular Play,Open Play,Right Foot,Half Volley,False,False,False,0.027014187,Blocked,False
wc2022,3869486,2022-12-10,Quarter-finals,Morocco,Portugal,Selim Amallah,Left Center Midfield,1,34,2,Regular Play,Open Play,Left Foot,Half Volley,True,False,False,0.06053267,Off T,False
wc2022,3869486,2022-12-10,Quarter-finals,Morocco,Portugal,Sofiane Boufal,Left Midfield,1,34,56,Regular Play,Open Play,Right Foot,Normal,False,False,False,0.03503226,Saved,False
wc2022,3869486,2022-12-10,Quarter-finals,Portugal,Morocco,João Félix Sequeira,Left Wing,1,38,46,From Free Kick,Open Play,Right Foot,Half Volley,True,False,False,0.060545366,Off T,False
wc2022,3869486,2022-12-10,Quarter-finals,Morocco,Portugal,Youssef En-Nesyri,Center Forward,1,41,36,From Free Kick,Open Play,Head,Normal,False,True,False,0.20030825,Goal,True
wc2022,3869486,2022-12-10,Quarter-finals,Portugal,Morocco,Bruno Miguel Borges Fernandes,Right Wing,1,44,23,From Throw In,Open Play,Right Foot,Half Volley,True,False,False,0.0067060287,Post,False
wc2022,3869486,2022-12-10,Quarter-finals,Morocco,Portugal,Yahia Attiyat allah,Left Back,1,46,58,From Counter,Open Play,Left Foot,Normal,True,False,False,0.082217455,Off T,False
wc2022,3869486,2022-12-10,Quarter-finals,Morocco,Portugal,Azzedine Ounahi,Right Center Midfield,2,55,0,Regular Play,Open Play,Right Foot,Normal,True,False,False,0.032880384,Off T,False
wc2022,3869486,2022-12-10,Quarter-finals,Portugal,Morocco,Gonçalo Matias Ramos,Center Attacking Midfield,2,57,28,From Goal Kick,Open Play,Head,Normal,False,False,False,0.10594022,Off T,False
wc2022,3869486,2022-12-10,Quarter-finals,Portugal,Morocco,João Félix Sequeira,Left Wing,2,60,14,Regular Play,Open Play,Head,Normal,False,True,False,0.026895314,Blocked,False
wc2022,3869486,2022-12-10,Quarter-finals,Portugal,Morocco,Bruno Miguel Borges Fernandes,Right Wing,2,63,4,From Throw In,Open Play,Right Foot,Normal,False,True,False,0.057325892,Off T,False
wc2022,3869486,2022-12-10,Quarter-finals,Portugal,Morocco,Bernardo Mota Veiga de Carvalho e Silva,Left Defensive Midfield,2,70,44,From Free Kick,Open Play,Right Foot,Normal,True,False,False,0.10927713,Wayward,False
wc2022,3869486,2022-12-10,Quarter-finals,Portugal,Morocco,João Félix Sequeira,Center Attacking Midfield,2,81,59,Regular Play,Open Play,Left Foot,Normal,True,False,False,0.025960794,Saved,False
wc2022,3869486,2022-12-10,Quarter-finals,Portugal,Morocco,Cristiano Ronaldo dos Santos Aveiro,Center Forward,2,90,24,From Free Kick,Open Play,Right Foot,Normal,True,True,False,0.05699573,Saved,False
wc2022,3869486,2022-12-10,Quarter-finals,Morocco,Portugal,Zakaria Aboukhlal,Center Forward,2,95,20,Regular Play,Open Play,Right Foot,Lob,False,False,True,0.39109123,Saved,False
wc2022,3869486,2022-12-10,Quarter-finals,Portugal,Morocco,Kléper Laveran Lima Ferreira,Right Center Back,2,96,40,From Throw In,Open Play,Head,Normal,False,True,False,0.14926605,Off T,False
wc2022,3857260,2022-11-30,Group Stage,Mexico,Saudi Arabia,Luis Gerardo Chávez Magallón,Left Defensive Midfield,1,1,9,From Throw In,Open Play,Left Foot,Normal,True,False,False,0.021919996,Off T,False
wc2022,3857260,2022-11-30,Group Stage,Saudi Arabia,Mexico,Saleh Khalid Al Shehri,Right Center Forward,1,2,8,From Throw In,Open Play,Left Foot,Volley,False,False,False,0.02182735,Saved,False
wc2022,3857260,2022-11-30,Group Stage,Mexico,Saudi Arabia,Ernesto Alexis Vega Rojas,Left Wing,1,2,37,From Keeper,Open Play,Right Foot,Normal,True,False,False,0.3665275,Saved,False
wc2022,3857260,2022-11-30,Group Stage,Saudi Arabia,Mexico,Mohammed Kanoo,Left Center Forward,1,7,41,From Goal Kick,Open Play,Right Foot,Half Volley,False,False,True,0.047937077,Off T,False
wc2022,3857260,2022-11-30,Group Stage,Saudi Arabia,Mexico,Mohammed Kanoo,Left Center Forward,1,12,58,From Free Kick,Free Kick,Right Foot,Normal,False,False,False,0.073429175,Off T,False
wc2022,3857260,2022-11-30,Group Stage,Mexico,Saudi Arabia,Luis Gerardo Chávez Magallón,Left Defensive Midfield,1,22,21,Regular Play,Open Play,Left Foot,Volley,True,False,False,0.01981399,Saved,False
wc2022,3857260,2022-11-30,Group Stage,Mexico,Saudi Arabia,Orbelín Pineda Alvarado,Center Attacking Midfield,1,24,27,From Free Kick,Open Play,Right Foot,Normal,True,False,False,0.0489465,Saved,False
wc2022,3857260,2022-11-30,Group Stage,Mexico,Saudi Arabia,Orbelín Pineda Alvarado,Center Attacking Midfield,1,26,25,Regular Play,Open Play,Head,Diving Header,False,False,False,0.30787364,Wayward,False
wc2022,3857260,2022-11-30,Group Stage,Mexico,Saudi Arabia,Luis Gerardo Chávez Magallón,Left Defensive Midfield,1,34,17,From Free Kick,Open Play,Left Foot,Normal,False,False,False,0.016814427,Blocked,False
wc2022,3857260,2022-11-30,Group Stage,Mexico,Saudi Arabia,Jesús Daniel Gallardo Vasconcelos,Left Back,1,35,8,From Corner,Open Play,Right Foot,Half Volley,True,False,False,0.06430086,Off T,False
wc2022,3857260,2022-11-30,Group Stage,Mexico,Saudi Arabia,Luis Gerardo Chávez Magallón,Left Defensive Midfield,1,40,28,From Free Kick,Free Kick,Left Foot,Normal,False,False,False,0.0066389865,Blocked,False
wc2022,3857260,2022-11-30,Group Stage,Mexico,Saudi Arabia,Orbelín Pineda Alvarado,Center Attacking Midfield,1,40,39,From Free Kick,Open Play,Left Foot,Normal,False,False,False,0.062194254,Blocked,False
wc2022,3857260,2022-11-30,Group Stage,Mexico,Saudi Arabia,Ernesto Alexis Vega Rojas,Left Wing,1,44,7,From Free Kick,Open Play,Right Foot,Normal,False,False,False,0.04950449,Blocked,False
wc2022,3857260,2022-11-30,Group Stage,Mexico,Saudi Arabia,Luis Gerardo Chávez Magallón,Left Defensive Midfield,1,44,16,From Free Kick,Open Play,Left Foot,Half Volley,False,False,False,0.015146091,Blocked,False
wc2022,3857260,2022-11-30,Group Stage,Saudi Arabia,Mexico,Ali Al Hassan,Right Defensive Midfield,1,50,12,Regular Play,Open Play,Head,Diving Header,False,False,False,0.10154356,Off T,False
wc2022,3857260,2022-11-30,Group Stage,Mexico,Saudi Arabia,Luis Gerardo Chávez Magallón,Left Defensive Midfield,2,46,12,Regular Play,Open Play,Left Foot,Normal,False,False,False,0.018109906,Saved,False
wc2022,3857260,2022-11-30,Group Stage,Mexico,Saudi Arabia,Hirving Rodrigo Lozano Bahena,Left Wing,2,46,17,Regular Play,Open Play,Right Foot,Normal,False,False,False,0.0068189544,Blocked,False
wc2022,3857260,2022-11-30,Group Stage,Mexico,Saudi Arabia,Henry Josué Martín Mex,Center Forward,2,46,52,From Corner,Open Play,Left Foot,Volley,True,False,False,0.28809994,Goal,True
wc2022,3857260,2022-11-30,Group Stage,Saudi Arabia,Mexico,Sultan Abdullah Salim Al Ghannam,Right Wing Back,2,49,14,From Free Kick,Open Play,Right Foot,Volley,True,False,False,0.21450256,Off T,False
wc2022,3857260,2022-11-30,Group Stage,Mexico,Saudi Arabia,Luis Gerardo Chávez Magallón,Left Defensive Midfield,2,51,56,From Free Kick,Free Kick,Left Foot,Normal,False,False,False,0.024289701,Goal,True
wc2022,3857260,2022-11-30,Group Stage,Saudi Arabia,Mexico,Sultan Abdullah Salim Al Ghannam,Right Wing Back,2,54,5,From Throw In,Open Play,Head,Normal,False,False,True,0.030311959,Off T,False
wc2022,3857260,2022-11-30,Group Stage,Mexico,Saudi Arabia,Henry Josué Martín Mex,Center Forward,2,58,56,From Corner,Open Play,Head,Normal,False,True,False,0.09122391,Wayward,False
wc2022,3857260,2022-11-30,Group Stage,Saudi Arabia,Mexico,Abdulelah Al Amri,Right Center Back,2,61,53,From Free Kick,Open Play,Head,Normal,False,False,False,0.037819926,Off T,False
wc2022,3857260,2022-11-30,Group Stage,Mexico,Saudi Arabia,Hirving Rodrigo Lozano Bahena,Left Wing,2,66,1,From Counter,Open Play,Right Foot,Normal,False,False,False,0.05300886,Saved,False
wc2022,3857260,2022-11-30,Group Stage,Saudi Arabia,Mexico,Firas Tariq Nasser Al Albirakan,Center Forward,2,66,25,From Keeper,Open Play,Left Foot,Half Volley,True,False,False,0.013105479,Blocked,False
wc2022,3857260,2022-11-30,Group Stage,Mexico,Saudi Arabia,Henry Josué Martín Mex,Center Forward,2,69,31,From Free Kick,Open Play,Left Foot,Volley,True,False,False,0.22500646,Off T,False
wc2022,3857260,2022-11-30,Group Stage,Mexico,Saudi Arabia,Luis Gerardo Chávez Magallón,Left Defensive Midfield,2,72,3,From Free Kick,Free Kick,Left Foot,Normal,False,False,False,0.027150616,Saved,False
wc2022,3857260,2022-11-30,Group Stage,Mexico,Saudi Arabia,Orbelín Pineda Alvarado,Center Attacking Midfield,2,75,39,From Free Kick,Open Play,Right Foot,Normal,False,False,False,0.08600338,Off T,False
wc2022,3857260,2022-11-30,Group Stage,Mexico,Saudi Arabia,Carlos Uriel Antuna Romero,Right Wing,2,77,12,From Counter,Open Play,Right Foot,Normal,True,False,False,0.26870292,Blocked,False
wc2022,3857260,2022-11-30,Group Stage,Mexico,Saudi Arabia,Edson Omar Álvarez Velázquez,Right Defensive Midfield,2,77,46,Regular Play,Open Play,Right Foot,Half Volley,False,False,False,0.013687578,Saved,False
wc2022,3857260,2022-11-30,Group Stage,Saudi Arabia,Mexico,Salem Mohammed Al Dawsari,Left Wing,2,80,0,From Throw In,Open Play,Right Foot,Normal,False,False,False,0.019886926,Off T,False
wc2022,3857260,2022-11-30,Group Stage,Mexico,Saudi Arabia,Luis Gerardo Chávez Magallón,Left Defensive Midfield,2,82,14,From Free Kick,Open Play,Left Foot,Normal,True,False,False,0.057560198,Blocked,False
wc2022,3857260,2022-11-30,Group Stage,Mexico,Saudi Arabia,Rogelio Gabriel Funes Mori,Left Center Forward,2,88,12,From Counter,Open Play,Right Foot,Normal,True,False,False,0.06664524,Blocked,False
wc2022,3857260,2022-11-30,Group Stage,Mexico,Saudi Arabia,Hirving Rodrigo Lozano Bahena,Left Midfield,2,91,25,From Free Kick,Free Kick,Right Foot,Normal,False,False,False,0.05359905,Saved,False
wc2022,3857260,2022-11-30,Group Stage,Mexico,Saudi Arabia,Hirving Rodrigo Lozano Bahena,Left Midfield,2,93,10,From Free Kick,Open Play,Right Foot,Normal,False,False,False,0.06253588,Off T,False
wc2022,3857260,2022-11-30,Group Stage,Saudi Arabia,Mexico,Salem Mohammed Al Dawsari,Left Wing,2,94,40,Regular Play,Open Play,Right Foot,Normal,False,False,True,0.51574713,Goal,True
wc2022,3857264,2022-11-30,Group Stage,Poland,Argentina,Krystian Bielik,Right Defensive Midfield,1,4,2,From Throw In,Open Play,Left Foot,Normal,True,False,False,0.061495427,Blocked,False
wc2022,3857264,2022-11-30,Group Stage,Argentina,Poland,Lionel Andrés Messi Cuccittini,Center Forward,1,6,30,Regular Play,Open Play,Right Foot,Normal,False,False,False,0.050872557,Saved,False
wc2022,3857264,2022-11-30,Group Stage,Argentina,Poland,Ángel Fabián Di María Hernández,Right Wing,1,8,53,Regular Play,Open Play,Left Foot,Normal,False,False,False,0.034158513,Blocked,False
wc2022,3857264,2022-11-30,Group Stage,Argentina,Poland,Lionel Andrés Messi Cuccittini,Center Forward,1,9,53,Regular Play,Open Play,Left Foot,Normal,False,False,False,0.053250678,Saved,False
wc2022,3857264,2022-11-30,Group Stage,Argentina,Poland,Marcos Javier Acuña,Left Back,1,16,9,From Throw In,Open Play,Right Foot,Half Volley,False,False,False,0.05141401,Off T,False
wc2022,3857264,2022-11-30,Group Stage,Poland,Argentina,Kamil Glik,Right Center Back,1,21,36,From Corner,Open Play,Right Foot,Backheel,True,False,False,0.06557972,Wayward,False
wc2022,3857264,2022-11-30,Group Stage,Argentina,Poland,Julián Álvarez,Left Wing,1,27,54,Regular Play,Open Play,Right Foot,Normal,True,False,False,0.1493578,Blocked,False
wc2022,3857264,2022-11-30,Group Stage,Argentina,Poland,Marcos Javier Acuña,Left Back,1,27,59,Regular Play,Open Play,Left Foot,Normal,False,False,False,0.024708062,Off T,False
wc2022,3857264,2022-11-30,Group Stage,Argentina,Poland,Ángel Fabián Di María Hernández,Right Wing,1,32,17,From Corner,Corner,Left Foot,Normal,False,False,True,0.00018,Saved,False
wc2022,3857264,2022-11-30,Group Stage,Argentina,Poland,Enzo Fernandez,Center Defensive Midfield,1,34,23,From Corner,Open Play,Right Foot,Normal,False,False,False,0.024548035,Off T,False
wc2022,3857264,2022-11-30,Group Stage,Argentina,Poland,Julián Álvarez,Left Wing,1,35,10,Regular Play,Open Play,Left Foot,Normal,False,False,True,0.19083758,Saved,False
wc2022,3857264,2022-11-30,Group Stage,Argentina,Poland,Lionel Andrés Messi Cuccittini,Center Forward,1,38,24,Other,Penalty,Left Foot,Normal,False,False,False,0.7835,Saved,False
wc2022,3857264,2022-11-30,Group Stage,Argentina,Poland,Julián Álvarez,Left Wing,1,42,9,Regular Play,Open Play,Right Foot,Normal,False,False,False,0.03720347,Saved,False
wc2022,3857264,2022-11-30,Group Stage,Argentina,Poland,Rodrigo Javier De Paul,Right Center Midfield,1,42,10,Regular Play,Open Play,Other,Normal,False,False,False,0.3152717,Saved,False
wc2022,3857264,2022-11-30,Group Stage,Argentina,Poland,Ángel Fabián Di María Hernández,Right Wing,1,43,16,Regular Play,Open Play,Left Foot,Normal,False,False,False,0.010134568,Saved,False
wc2022,3857264,2022-11-30,Group Stage,Argentina,Poland,Alexis Mac Allister,Left Center Midfield,2,45,53,From Kick Off,Open Play,Right Foot,Normal,True,False,False,0.107545994,Goal,True
wc2022,3857264,2022-11-30,Group Stage,Poland,Argentina,Kamil Glik,Right Center Back,2,49,0,From Free Kick,Open Play,Head,Normal,False,True,False,0.04381306,Off T,False
wc2022,3857264,2022-11-30,Group Stage,Poland,Argentina,Michał Skóraś,Right Midfield,2,52,13,From Free Kick,Open Play,Left Foot,Normal,False,False,False,0.026707038,Blocked,False
wc2022,3857264,2022-11-30,Group Stage,Argentina,Poland,Lionel Andrés Messi Cuccittini,Center Forward,2,52,42,Regular Play,Open Play,Left Foot,Normal,False,False,False,0.06119443,Wayward,False
wc2022,3857264,2022-11-30,Group Stage,Argentina,Poland,Lionel Andrés Messi Cuccittini,Center Forward,2,55,41,Regular Play,Open Play,Left Foot,Normal,False,True,False,0.058334265,Wayward,False
wc2022,3857264,2022-11-30,Group Stage,Argentina,Poland,Julián Álvarez,Left Wing,2,55,42,Regular Play,Open Play,Left Foot,Normal,False,False,False,0.15200824,Blocked,False
wc2022,3857264,2022-11-30,Group Stage,Argentina,Poland,Alexis Mac Allister,Left Wing,2,60,38,From Throw In,Open Play,Left Foot,Normal,True,False,False,0.13009955,Saved,False
wc2022,3857264,2022-11-30,Group Stage,Argentina,Poland,Lionel Andrés Messi Cuccittini,Right Wing,2,63,23,From Counter,Open Play,Left Foot,Normal,False,False,False,0.023947677,Blocked,False
wc2022,3857264,2022-11-30,Group Stage,Argentina,Poland,Julián Álvarez,Center Forward,2,66,57,From Free Kick,Open Play,Right Foot,Normal,False,False,False,0.10054177,Goal,True
wc2022,3857264,2022-11-30,Group Stage,Argentina,Poland,Lionel Andrés Messi Cuccittini,Right Wing,2,70,36,Regular Play,Open Play,Left Foot,Normal,True,False,False,0.13232325,Saved,False
wc2022,3857264,2022-11-30,Group Stage,Argentina,Poland,Julián Álvarez,Center Forward,2,72,44,From Throw In,Open Play,Right Foot,Normal,False,False,True,0.18145993,Off T,False
wc2022,3857264,2022-11-30,Group Stage,Argentina,Poland,Lautaro Javier Martínez,Center Forward,2,85,2,From Free Kick,Open Play,Right Foot,Normal,False,False,True,0.17955275,Off T,False
wc2022,3857264,2022-11-30,Group Stage,Argentina,Poland,Nicolás Alejandro Tagliafico,Left Wing Back,2,91,58,From Throw In,Open Play,Left Foot,Lob,True,False,False,0.22421487,Saved,False
wc2022,3857289,2022-11-26,Group Stage,Mexico,Argentina,César Jasib Montes Castro,Center Back,1,9,14,From Free Kick,Open Play,Left Foot,Volley,True,True,False,0.0988946,Off T,False
wc2022,3857289,2022-11-26,Group Stage,Argentina,Mexico,Lautaro Javier Martínez,Left Center Forward,1,39,59,From Corner,Open Play,Head,Normal,False,True,False,0.13799548,Off T,False
wc2022,3857289,2022-11-26,Group Stage,Mexico,Argentina,Ernesto Alexis Vega Rojas,Left Center Forward,1,44,17,From Free Kick,Free Kick,Right Foot,Normal,False,False,False,0.05948228,Saved,False
wc2022,3857289,2022-11-26,Group Stage,Mexico,Argentina,Ernesto Alexis Vega Rojas,Left Center Forward,1,49,14,From Throw In,Open Play,Right Foot,Half Volley,False,False,False,0.0077116457,Off T,False
wc2022,3857289,2022-11-26,Group Stage,Mexico,Argentina,Hirving Rodrigo Lozano Bahena,Left Center Forward,2,47,14,From Free Kick,Open Play,Right Foot,Normal,False,False,False,0.040303126,Blocked,False
wc2022,3857289,2022-11-26,Group Stage,Argentina,Mexico,Lionel Andrés Messi Cuccittini,Right Center Forward,2,50,59,From Free Kick,Free Kick,Left Foot,Normal,False,False,False,0.067327775,Off T,False
wc2022,3857289,2022-11-26,Group Stage,Argentina,Mexico,Lionel Andrés Messi Cuccittini,Right Center Forward,2,63,32,From Goal Kick,Open Play,Left Foot,Normal,False,False,False,0.033919714,Goal,True
wc2022,3857289,2022-11-26,Group Stage,Argentina,Mexico,Nahuel Molina Lucero,Right Wing Back,2,69,39,From Throw In,Open Play,Right Foot,Half Volley,True,False,False,0.050896797,Off T,False
wc2022,3857289,2022-11-26,Group Stage,Argentina,Mexico,Enzo Fernandez,Center Defensive Midfield,2,86,39,From Corner,Open Play,Right Foot,Normal,False,False,False,0.035064373,Goal,True
wc2022,3869254,2022-12-06,Round of 16,Switzerland,Portugal,Breel-Donald Embolo,Right Center Forward,1,4,56,Regular Play,Open Play,Left Foot,Normal,False,False,False,0.06137733,Blocked,False
wc2022,3869254,2022-12-06,Round of 16,Portugal,Switzerland,Gonçalo Matias Ramos,Center Forward,1,16,43,From Throw In,Open Play,Left Foot,Normal,False,False,False,0.10102074,Goal,True
wc2022,3869254,2022-12-06,Round of 16,Portugal,Switzerland,Otávio Edmilson da Silva Monteiro,Left Center Midfield,1,21,3,From Free Kick,Open Play,Right Foot,Half Volley,True,False,False,0.032515083,Saved,False
wc2022,3869254,2022-12-06,Round of 16,Portugal,Switzerland,Gonçalo Matias Ramos,Center Forward,1,21,54,Regular Play,Open Play,Right Foot,Normal,True,False,False,0.072023906,Saved,False
wc2022,3869254,2022-12-06,Round of 16,Switzerland,Portugal,Xherdan Shaqiri,Left Center Forward,1,29,38,From Free Kick,Free Kick,Left Foot,Normal,False,False,False,0.023890225,Saved,False
wc2022,3869254,2022-12-06,Round of 16,Portugal,Switzerland,Kléper Laveran Lima Ferreira,Right Center Back,1,32,35,From Corner,Open Play,Head,Normal,False,True,False,0.12779379,Goal,True
wc2022,3869254,2022-12-06,Round of 16,Switzerland,Portugal,Remo Freuler,Left Center Midfield,1,37,32,From Throw In,Open Play,Head,Normal,False,False,False,0.2948616,Saved,False
wc2022,3869254,2022-12-06,Round of 16,Switzerland,Portugal,Fabian Lukas Schär,Center Back,1,37,36,From Throw In,Open Play,Right Foot,Volley,False,False,False,0.024413843,Off T,False
wc2022,3869254,2022-12-06,Round of 16,Portugal,Switzerland,Gonçalo Matias Ramos,Center Forward,1,42,11,Regular Play,Open Play,Left Foot,Normal,True,False,False,0.31703457,Saved,False
wc2022,3869254,2022-12-06,Round of 16,Portugal,Switzerland,Raphaël Adelino José Guerreiro,Left Back,1,47,18,From Corner,Open Play,Left Foot,Normal,False,False,False,0.021823613,Off T,False
wc2022,3869254,2022-12-06,Round of 16,Portugal,Switzerland,Gonçalo Matias Ramos,Center Forward,2,48,11,From Corner,Open Play,Head,Normal,False,True,False,0.09938955,Wayward,False
wc2022,3869254,2022-12-06,Round of 16,Portugal,Switzerland,Gonçalo Matias Ramos,Center Forward,2,50,5,Regular Play,Open Play,Left Foot,Normal,True,False,False,0.5086819,Goal,True
wc2022,3869254,2022-12-06,Round of 16,Portugal,Switzerland,João Félix Sequeira,Left Wing,2,52,32,From Counter,Open Play,Left Foot,Normal,False,True,False,0.043932665,Blocked,False
wc2022,3869254,2022-12-06,Round of 16,Portugal,Switzerland,Kléper Laveran Lima Ferreira,Right Center Back,2,53,20,From Corner,Open Play,Head,Normal,False,True,False,0.05800441,Wayward,False
wc2022,3869254,2022-12-06,Round of 16,Portugal,Switzerland,Raphaël Adelino José Guerreiro,Left Back,2,54,55,From Free Kick,Open Play,Left Foot,Normal,False,True,False,0.35848966,Goal,True
wc2022,3869254,2022-12-06,Round of 16,Switzerland,Portugal,Manuel Obafemi Akanji,Right Center Back,2,57,5,From Corner,Open Play,Right Foot,Volley,True,False,False,0.6688656,Goal,True
wc2022,3869254,2022-12-06,Round of 16,Switzerland,Portugal,Xherdan Shaqiri,Right Midfield,2,65,21,From Throw In,Open Play,Left Foot,Normal,False,False,False,0.007870479,Wayward,False
wc2022,3869254,2022-12-06,Round of 16,Portugal,Switzerland,Gonçalo Matias Ramos,Center Forward,2,66,12,From Goal Kick,Open Play,Right Foot,Lob,False,True,True,0.46699882,Goal,True
wc2022,3869254,2022-12-06,Round of 16,Switzerland,Portugal,Denis Lemi Zakaria Lako Lado,Right Defensive Midfield,2,70,10,From Throw In,Open Play,Right Foot,Normal,False,False,False,0.04188712,Blocked,False
wc2022,3869254,2022-12-06,Round of 16,Portugal,Switzerland,Cristiano Ronaldo dos Santos Aveiro,Center Forward,2,75,51,From Free Kick,Free Kick,Right Foot,Normal,False,False,False,0.028790973,Blocked,False
wc2022,3869254,2022-12-06,Round of 16,Switzerland,Portugal,Breel-Donald Embolo,Left Center Forward,2,79,35,Regular Play,Open Play,Right Foot,Overhead Kick,False,True,False,0.032889098,Blocked,False
wc2022,3869254,2022-12-06,Round of 16,Switzerland,Portugal,Granit Xhaka,Left Defensive Midfield,2,80,12,From Corner,Open Play,Head,Normal,False,True,False,0.0836758,Off T,False
wc2022,3869254,2022-12-06,Round of 16,Switzerland,Portugal,Noah Okafor,Left Midfield,2,84,57,Regular Play,Open Play,Right Foot,Normal,False,False,False,0.032096077,Blocked,False
wc2022,3869254,2022-12-06,Round of 16,Portugal,Switzerland,Rafael Alexandre Conceição Leão,Right Wing,2,91,12,From Free Kick,Open Play,Right Foot,Normal,False,True,False,0.010257767,Goal,True
wc2022,3869254,2022-12-06,Round of 16,Portugal,Switzerland,Rúben Santos Gato Alves Dias,Left Center Back,2,93,45,From Corner,Open Play,Head,Normal,False,False,False,0.03750256,Blocked,False
wc2022,3869118,2022-12-04,Round of 16,England,Senegal,John Stones,Right Center Back,1,20,25,From Corner,Open Play,Other,Normal,False,False,False,0.08366814,Off T,False
wc2022,3869118,2022-12-04,Round of 16,Senegal,England,Boulaye Dia,Center Forward,1,21,59,Regular Play,Open Play,Right Foot,Volley,True,False,False,0.05336251,Blocked,False
wc2022,3869118,2022-12-04,Round of 16,Senegal,England,Ismaïla Sarr,Left Wing,1,22,0,Regular Play,Open Play,Right Foot,Half Volley,True,False,False,0.629174,Off T,False
wc2022,3869118,2022-12-04,Round of 16,Senegal,England,Boulaye Dia,Center Forward,1,31,1,From Free Kick,Open Play,Left Foot,Normal,True,False,False,0.0358749,Saved,False
wc2022,3869118,2022-12-04,Round of 16,England,Senegal,Jordan Brian Henderson,Right Center Midfield,1,38,0,From Goal Kick,Open Play,Left Foot,Normal,True,False,False,0.13174866,Goal,True
wc2022,3869118,2022-12-04,Round of 16,England,Senegal,Harry Kane,Center Forward,1,40,39,From Goal Kick,Open Play,Right Foot,Normal,True,False,False,0.18422936,Off T,False
wc2022,3869118,2022-12-04,Round of 16,England,Senegal,Harry Kane,Center Forward,1,47,17,Regular Play,Open Play,Right Foot,Normal,False,True,False,0.20664306,Goal,True
wc2022,3869118,2022-12-04,Round of 16,Senegal,England,Pape Matar Sarr,Center Attacking Midfield,2,49,10,Regular Play,Open Play,Left Foot,Half Volley,True,False,False,0.018660808,Off T,False
wc2022,3869118,2022-12-04,Round of 16,England,Senegal,Bukayo Saka,Right Wing,2,53,40,Regular Play,Open Play,Right Foot,Normal,False,False,False,0.03518777,Off T,False
wc2022,3869118,2022-12-04,Round of 16,England,Senegal,Harry Kane,Center Forward,2,55,45,From Goal Kick,Open Play,Right Foot,Normal,False,False,False,0.015214441,Saved,False
wc2022,3869118,2022-12-04,Round of 16,England,Senegal,Bukayo Saka,Right Wing,2,56,43,Regular Play,Open Play,Left Foot,Normal,True,True,False,0.21738943,Goal,True
wc2022,3869118,2022-12-04,Round of 16,Senegal,England,Pape Matar Sarr,Center Attacking Midfield,2,68,25,From Free Kick,Open Play,Right Foot,Normal,False,False,False,0.013223637,Blocked,False
wc2022,3869118,2022-12-04,Round of 16,Senegal,England,Pape Matar Sarr,Right Defensive Midfield,2,73,18,From Free Kick,Free Kick,Right Foot,Normal,False,False,False,0.021199826,Off T,False
wc2022,3869118,2022-12-04,Round of 16,Senegal,England,Ismaïla Sarr,Left Wing,2,83,38,Regular Play,Open Play,Head,Normal,False,False,False,0.107544675,Off T,False
wc2022,3869118,2022-12-04,Round of 16,Senegal,England,Pape Gueye,Center Attacking Midfield,2,86,12,From Throw In,Open Play,Left Foot,Normal,False,False,False,0.027956013,Blocked,False
wc2022,3869118,2022-12-04,Round of 16,Senegal,England,Pape Matar Sarr,Right Defensive Midfield,2,88,51,From Free Kick,Open Play,Right Foot,Normal,True,False,False,0.032847784,Off T,False
wc2022,3869118,2022-12-04,Round of 16,England,Senegal,Marcus Rashford,Right Wing,2,90,23,From Goal Kick,Open Play,Right Foot,Half Volley,True,True,False,0.1459426,Off T,False
wc2022,3869118,2022-12-04,Round of 16,Senegal,England,Cheikh Ahmadou Bamba Mbacke Dieng,Right Wing,2,92,22,From Free Kick,Free Kick,Right Foot,Normal,False,False,False,0.03296228,Blocked,False
wc2022,3869519,2022-12-13,Semi-finals,Croatia,Argentina,Dejan Lovren,Right Center Back,1,15,52,From Corner,Open Play,Head,Normal,False,True,False,0.014029023,Off T,False
wc2022,3869519,2022-12-13,Semi-finals,Argentina,Croatia,Enzo Fernandez,Left Defensive Midfield,1,24,35,From Throw In,Open Play,Right Foot,Normal,False,False,False,0.027808638,Saved,False
wc2022,3869519,2022-12-13,Semi-finals,Croatia,Argentina,Ivan Perišić,Left Wing,1,30,33,From Throw In,Open Play,Right Foot,Lob,False,False,False,0.034139045,Off T,False
wc2022,3869519,2022-12-13,Semi-finals,Argentina,Croatia,Lionel Andrés Messi Cuccittini,Right Center Forward,1,33,27,Other,Penalty,Left Foot,Normal,False,False,False,0.7835,Goal,True
wc2022,3869519,2022-12-13,Semi-finals,Argentina,Croatia,Julián Álvarez,Left Center Forward,1,38,26,From Counter,Open Play,Right Foot,Volley,False,False,True,0.36172354,Goal,True
wc2022,3869519,2022-12-13,Semi-finals,Argentina,Croatia,Rodrigo Javier De Paul,Right Midfield,1,40,49,Regular Play,Open Play,Right Foot,Normal,False,False,False,0.027667157,Blocked,False
wc2022,3869519,2022-12-13,Semi-finals,Argentina,Croatia,Alexis Mac Allister,Left Midfield,1,41,53,From Corner,Open Play,Head,Normal,False,False,False,0.0684051,Saved,False
wc2022,3869519,2022-12-13,Semi-finals,Croatia,Argentina,Luka Modrić,Right Center Midfield,1,44,48,From Throw In,Open Play,Right Foot,Normal,False,False,False,0.026162526,Blocked,False
wc2022,3869519,2022-12-13,Semi-finals,Croatia,Argentina,Mario Pašalić,Right Wing,1,44,53,From Throw In,Open Play,Right Foot,Half Volley,True,False,False,0.07864248,Off T,False
wc2022,3869519,2022-12-13,Semi-finals,Argentina,Croatia,Leandro Daniel Paredes,Right Defensive Midfield,2,48,26,Regular Play,Open Play,Right Foot,Normal,False,False,False,0.014370957,Saved,False
wc2022,3869519,2022-12-13,Semi-finals,Argentina,Croatia,Lionel Andrés Messi Cuccittini,Right Center Forward,2,57,5,Regular Play,Open Play,Left Foot,Normal,False,True,False,0.10581502,Saved,False
wc2022,3869519,2022-12-13,Semi-finals,Croatia,Argentina,Mislav Oršić,Left Wing,2,57,35,From Free Kick,Open Play,Right Foot,Normal,False,False,False,0.021008598,Blocked,False
wc2022,3869519,2022-12-13,Semi-finals,Croatia,Argentina,Dejan Lovren,Right Center Back,2,61,47,From Free Kick,Open Play,Head,Normal,False,True,False,0.09374543,Blocked,False
wc2022,3869519,2022-12-13,Semi-finals,Argentina,Croatia,Julián Álvarez,Left Center Forward,2,68,46,From Throw In,Open Play,Right Foot,Normal,True,False,False,0.33366448,Goal,True
wc2022,3869519,2022-12-13,Semi-finals,Croatia,Argentina,Ivan Perišić,Left Back,2,72,14,From Free Kick,Free Kick,Left Foot,Normal,False,False,False,0.00752127,Saved,False
wc2022,3869519,2022-12-13,Semi-finals,Croatia,Argentina,Ivan Perišić,Left Back,2,74,54,From Throw In,Open Play,Left Foot,Normal,False,False,False,0.0058680973,Off T,False
wc2022,3869519,2022-12-13,Semi-finals,Croatia,Argentina,Mislav Oršić,Left Wing,2,77,39,Regular Play,Open Play,Right Foot,Normal,False,False,False,0.011610668,Off T,False
wc2022,3869519,2022-12-13,Semi-finals,Argentina,Croatia,Alexis Mac Allister,Left Center Midfield,2,82,12,From Free Kick,Open Play,Right Foot,Volley,True,False,False,0.14140838,Off T,False
wc2022,3869519,2022-12-13,Semi-finals,Croatia,Argentina,Lovro Majer,Right Defensive Midfield,2,88,23,From Throw In,Open Play,Left Foot,Half Volley,False,False,False,0.044770177,Saved,False
wc2022,3869519,2022-12-13,Semi-finals,Croatia,Argentina,Nikola Vlašić,Right Wing,2,92,51,From Corner,Open Play,Left Foot,Normal,False,False,False,0.049129687,Off T,False
wc2022,3869519,2022-12-13,Semi-finals,Croatia,Argentina,Dejan Lovren,Right Center Back,2,94,53,Regular Play,Open Play,Left Foot,Normal,False,False,False,0.02342664,Off T,False
wc2022,3869354,2022-12-10,Quarter-finals,England,France,Philip Foden,Left Wing,1,3,17,Regular Play,Open Play,Left Foot,Half Volley,False,False,False,0.022691524,Blocked,False
wc2022,3869354,2022-12-10,Quarter-finals,France,England,Olivier Giroud,Center Forward,1,10,35,Regular Play,Open Play,Head,Diving Header,False,False,False,0.21537142,Saved,False
wc2022,3869354,2022-12-10,Quarter-finals,France,England,Aurélien Djani Tchouaméni,Right Defensive Midfield,1,16,22,Regular Play,Open Play,Right Foot,Normal,False,False,False,0.027870113,Goal,True
wc2022,3869354,2022-12-10,Quarter-finals,England,France,Luke Shaw,Left Back,1,20,8,From Free Kick,Free Kick,Left Foot,Normal,False,False,False,0.05589417,Saved,False
wc2022,3869354,2022-12-10,Quarter-finals,England,France,Harry Kane,Center Forward,1,21,29,From Throw In,Open Play,Right Foot,Normal,True,False,False,0.07522586,Saved,False
wc2022,3869354,2022-12-10,Quarter-finals,England,France,Jude Bellingham,Left Center Midfield,1,21,33,From Throw In,Open Play,Head,Normal,False,True,False,0.21807538,Blocked,False
wc2022,3869354,2022-12-10,Quarter-finals,England,France,Harry Kane,Center Forward,1,28,30,From Throw In,Open Play,Right Foot,Normal,False,False,False,0.018916143,Saved,False
wc2022,3869354,2022-12-10,Quarter-finals,France,England,Kylian Mbappé Lottin,Left Wing,1,38,45,From Free Kick,Open Play,Left Foot,Half Volley,True,False,False,0.06798863,Off T,False
wc2022,3869354,2022-12-10,Quarter-finals,England,France,Jude Bellingham,Left Center Midfield,2,46,36,From Corner,Open Play,Right Foot,Half Volley,True,False,False,0.046397094,Saved,False
wc2022,3869354,2022-12-10,Quarter-finals,England,France,Harry Maguire,Left Center Back,2,47,13,From Corner,Open Play,Head,Normal,False,True,False,0.048588943,Blocked,False
wc2022,3869354,2022-12-10,Quarter-finals,England,France,Jordan Brian Henderson,Right Center Midfield,2,51,1,From Free Kick,Open Play,Right Foot,Half Volley,True,False,False,0.017202334,Blocked,False
wc2022,3869354,2022-12-10,Quarter-finals,England,France,Harry Kane,Center Forward,2,53,27,Other,Penalty,Right Foot,Normal,False,False,False,0.7835,Goal,True
wc2022,3869354,2022-12-10,Quarter-finals,France,England,Adrien Rabiot,Left Defensive Midfield,2,54,44,From Kick Off,Open Play,Left Foot,Half Volley,True,False,False,0.06667264,Saved,False
wc2022,3869354,2022-12-10,Quarter-finals,England,France,Bukayo Saka,Right Wing,2,59,35,Regular Play,Open Play,Right Foot,Normal,False,True,False,0.07073746,Saved,False
wc2022,3869354,2022-12-10,Quarter-finals,France,England,Ousmane Dembélé,Right Wing,2,60,8,From Keeper,Open Play,Left Foot,Normal,False,False,False,0.030820057,Blocked,False
wc2022,3869354,2022-12-10,Quarter-finals,England,France,Harry Kane,Center Forward,2,61,6,Regular Play,Open Play,Left Foot,Normal,False,False,False,0.029508974,Saved,False
wc2022,3869354,2022-12-10,Quarter-finals,England,France,Harry Maguire,Left Center Back,2,69,23,From Free Kick,Open Play,Head,Normal,False,False,False,0.07199757,Post,False
wc2022,3869354,2022-12-10,Quarter-finals,England,France,Luke Shaw,Left Back,2,70,31,Regular Play,Open Play,Left Foot,Normal,False,False,False,0.006951497,Blocked,False
wc2022,3869354,2022-12-10,Quarter-finals,France,England,Olivier Giroud,Center Forward,2,74,53,Regular Play,Open Play,Head,Normal,False,True,True,0.075690374,Off T,False
wc2022,3869354,2022-12-10,Quarter-finals,France,England,Olivier Giroud,Center Forward,2,76,23,Regular Play,Open Play,Left Foot,Volley,True,False,False,0.20829616,Saved,False
wc2022,3869354,2022-12-10,Quarter-finals,France,England,Olivier Giroud,Center Forward,2,77,10,From Corner,Open Play,Head,Normal,False,True,False,0.14665264,Goal,True
wc2022,3869354,2022-12-10,Quarter-finals,England,France,Harry Kane,Center Forward,2,83,35,Other,Penalty,Right Foot,Normal,False,False,True,0.7835,Off T,False
wc2022,3869354,2022-12-10,Quarter-finals,England,France,Mason Mount,Right Center Midfield,2,88,0,Regular Play,Open Play,Right Foot,Normal,False,False,False,0.024138648,Off T,False
wc2022,3869354,2022-12-10,Quarter-finals,England,France,Marcus Rashford,Left Wing,2,100,5,From Free Kick,Free Kick,Right Foot,Normal,False,False,False,0.07922588,Off T,False
wc2022,3869552,2022-12-14,Semi-finals,France,Morocco,Kylian Mbappé Lottin,Left Wing,1,4,37,From Throw In,Open Play,Left Foot,Normal,False,True,False,0.09459595,Blocked,False
wc2022,3869552,2022-12-14,Semi-finals,France,Morocco,Theo Bernard François Hernández,Left Back,1,4,40,From Throw In,Open Play,Left Foot,Half Volley,True,False,False,0.0979349,Goal,True
wc2022,3869552,2022-12-14,Semi-finals,Morocco,France,Azzedine Ounahi,Left Defensive Midfield,1,9,38,Regular Play,Open Play,Right Foot,Normal,False,False,False,0.01924696,Saved,False
wc2022,3869552,2022-12-14,Semi-finals,Morocco,France,Hakim Ziyech,Right Wing,1,16,1,Regular Play,Open Play,Right Foot,Normal,False,False,False,0.06111174,Off T,False
wc2022,3869552,2022-12-14,Semi-finals,France,Morocco,Olivier Giroud,Center Forward,1,16,32,From Goal Kick,Open Play,Left Foot,Normal,False,False,False,0.09802507,Post,False
wc2022,3869552,2022-12-14,Semi-finals,Morocco,France,Achraf Hakimi Mouh,Right Back,1,25,27,From Throw In,Open Play,Right Foot,Normal,False,False,False,0.020597277,Blocked,False
wc2022,3869552,2022-12-14,Semi-finals,France,Morocco,Aurélien Djani Tchouaméni,Right Defensive Midfield,1,32,23,Regular Play,Open Play,Right Foot,Normal,True,False,False,0.040336993,Blocked,False
wc2022,3869552,2022-12-14,Semi-finals,France,Morocco,Olivier Giroud,Center Forward,1,34,5,From Corner,Open Play,Head,Normal,False,True,False,0.060999498,Blocked,False
wc2022,3869552,2022-12-14,Semi-finals,France,Morocco,Youssouf Fofana,Left Defensive Midfield,1,34,7,From Corner,Open Play,Left Foot,Half Volley,True,False,False,0.061363008,Off T,False
wc2022,3869552,2022-12-14,Semi-finals,France,Morocco,Kylian Mbappé Lottin,Left Wing,1,35,10,From Counter,Open Play,Right Foot,Normal,False,False,False,0.15100354,Blocked,False
wc2022,3869552,2022-12-14,Semi-finals,France,Morocco,Olivier Giroud,Center Forward,1,35,14,From Counter,Open Play,Left Foot,Normal,True,False,False,0.2635025,Off T,False
wc2022,3869552,2022-12-14,Semi-finals,France,Morocco,Raphaël Varane,Right Center Back,1,39,33,From Corner,Open Play,Right Foot,Volley,True,False,False,0.07554505,Off T,False
wc2022,3869552,2022-12-14,Semi-finals,Morocco,France,Jawad El Yamiq,Left Center Back,1,43,53,From Corner,Open Play,Right Foot,Overhead Kick,True,False,False,0.06408756,Saved to Post,False
wc2022,3869552,2022-12-14,Semi-finals,Morocco,France,Sofiane Boufal,Left Wing,1,43,59,From Corner,Open Play,Right Foot,Half Volley,True,False,False,0.035300843,Off T,False
wc2022,3869552,2022-12-14,Semi-finals,France,Morocco,Jules Koundé,Right Back,2,46,56,From Throw In,Open Play,Right Foot,Half Volley,False,True,False,0.01766911,Blocked,False
wc2022,3869552,2022-12-14,Semi-finals,Morocco,France,Yahia Attiyat allah,Left Back,2,52,40,From Throw In,Open Play,Right Foot,Half Volley,True,False,False,0.24936919,Wayward,False
wc2022,3869552,2022-12-14,Semi-finals,Morocco,France,Sofyan Amrabat,Center Defensive Midfield,2,53,8,From Throw In,Open Play,Right Foot,Normal,False,False,False,0.020691318,Off T,False
wc2022,3869552,2022-12-14,Semi-finals,France,Morocco,Marcus Thuram,Left Wing,2,70,57,From Free Kick,Open Play,Head,Normal,False,True,False,0.115658596,Off T,False
wc2022,3869552,2022-12-14,Semi-finals,France,Morocco,Youssouf Fofana,Left Center Midfield,2,73,31,Regular Play,Open Play,Left Foot,Normal,False,False,False,0.040043775,Off T,False
wc2022,3869552,2022-12-14,Semi-finals,France,Morocco,Kylian Mbappé Lottin,Center Forward,2,78,48,From Goal Kick,Open Play,Right Foot,Normal,False,True,False,0.033641826,Blocked,False
wc2022,3869552,2022-12-14,Semi-finals,France,Morocco,Randal Kolo Muani,Right Wing,2,78,49,From Goal Kick,Open Play,Right Foot,Normal,True,False,False,0.8521293,Goal,True
wc2022,3869552,2022-12-14,Semi-finals,Morocco,France,Zakaria Aboukhlal,Left Center Forward,2,85,38,From Throw In,Open Play,Head,Normal,False,True,False,0.024939176,Wayward,False
wc2022,3869552,2022-12-14,Semi-finals,Morocco,France,Abdessamad Ezzalzouli,Left Midfield,2,92,42,From Throw In,Open Play,Right Foot,Normal,False,False,False,0.05950738,Blocked,False
wc2022,3869552,2022-12-14,Semi-finals,Morocco,France,Azzedine Ounahi,Left Defensive Midfield,2,92,46,From Throw In,Open Play,Right Foot,Normal,False,False,False,0.06379096,Blocked,False
wc2022,3869552,2022-12-14,Semi-finals,Morocco,France,Azzedine Ounahi,Left Defensive Midfield,2,93,7,From Corner,Open Play,Left Foot,Normal,False,False,False,0.03807111,Blocked,False
wc2022,3869552,2022-12-14,Semi-finals,Morocco,France,Azzedine Ounahi,Left Defensive Midfield,2,93,35,From Corner,Open Play,Right Foot,Half Volley,False,False,False,0.067406826,Blocked,False
wc2022,3869552,2022-12-14,Semi-finals,Morocco,France,Abderrazak Hamdallah,Right Center Forward,2,93,35,From Corner,Open Play,Other,Normal,False,False,False,0.50624365,Blocked,False
wc2022,3869420,2022-12-09,Quarter-finals,Brazil,Croatia,Vinícius José Paixão de Oliveira Júnior,Left Midfield,1,4,6,From Free Kick,Open Play,Right Foot,Normal,False,False,False,0.008460451,Saved,False
wc2022,3869420,2022-12-09,Quarter-finals,Croatia,Brazil,Ivan Perišić,Left Wing,1,12,4,From Throw In,Open Play,Right Foot,Half Volley,True,False,False,0.19016835,Off T,False
wc2022,3869420,2022-12-09,Quarter-finals,Croatia,Brazil,Andrej Kramarić,Center Forward,1,18,26,Regular Play,Open Play,Right Foot,Normal,False,False,False,0.026674595,Blocked,False
wc2022,3869420,2022-12-09,Quarter-finals,Brazil,Croatia,Vinícius José Paixão de Oliveira Júnior,Left Midfield,1,19,51,Regular Play,Open Play,Right Foot,Normal,True,False,False,0.06970771,Blocked,False
wc2022,3869420,2022-12-09,Quarter-finals,Brazil,Croatia,Neymar da Silva Santos Junior,Center Attacking Midfield,1,20,4,Regular Play,Open Play,Right Foot,Normal,False,False,False,0.025347186,Saved,False
wc2022,3869420,2022-12-09,Quarter-finals,Brazil,Croatia,Carlos Henrique Casimiro,Left Defensive Midfield,1,22,37,Regular Play,Open Play,Right Foot,Normal,True,False,False,0.030699778,Blocked,False
wc2022,3869420,2022-12-09,Quarter-finals,Croatia,Brazil,Ivan Perišić,Left Wing,1,29,27,Regular Play,Open Play,Right Foot,Normal,False,False,False,0.012010745,Off T,False
wc2022,3869420,2022-12-09,Quarter-finals,Brazil,Croatia,Neymar da Silva Santos Junior,Center Attacking Midfield,1,41,33,From Free Kick,Free Kick,Right Foot,Normal,False,False,False,0.008240742,Saved,False
wc2022,3869420,2022-12-09,Quarter-finals,Croatia,Brazil,Ivan Perišić,Left Wing,2,50,3,From Corner,Open Play,Head,Normal,False,True,False,0.11005159,Wayward,False
wc2022,3869420,2022-12-09,Quarter-finals,Brazil,Croatia,Neymar da Silva Santos Junior,Center Attacking Midfield,2,54,19,From Goal Kick,Open Play,Left Foot,Normal,True,False,False,0.16692519,Saved,False
wc2022,3869420,2022-12-09,Quarter-finals,Brazil,Croatia,Carlos Henrique Casimiro,Left Defensive Midfield,2,65,8,From Free Kick,Free Kick,Right Foot,Normal,False,False,False,0.026057322,Blocked,False
wc2022,3869420,2022-12-09,Quarter-finals,Brazil,Croatia,Lucas Tolentino Coelho de Lima,Right Defensive Midfield,2,65,31,From Throw In,Open Play,Left Foot,Half Volley,True,False,False,0.26807922,Saved,False
wc2022,3869420,2022-12-09,Quarter-finals,Brazil,Croatia,Éder Gabriel Militão,Right Back,2,66,7,From Corner,Open Play,Right Foot,Normal,False,False,False,0.04353941,Blocked,False
wc2022,3869420,2022-12-09,Quarter-finals,Croatia,Brazil,Andrej Kramarić,Center Forward,2,70,58,From Free Kick,Open Play,Left Foot,Normal,False,False,False,0.030721588,Blocked,False
wc2022,3869420,2022-12-09,Quarter-finals,Brazil,Croatia,Neymar da Silva Santos Junior,Center Attacking Midfield,2,75,47,Regular Play,Open Play,Left Foot,Normal,True,False,False,0.12963046,Saved,False
wc2022,3869420,2022-12-09,Quarter-finals,Brazil,Croatia,Lucas Tolentino Coelho de Lima,Right Defensive Midfield,2,79,47,From Throw In,Open Play,Left Foot,Normal,True,False,False,0.092192985,Saved,False
wc2022,3869420,2022-12-09,Quarter-finals,Brazil,Croatia,Richarlison de Andrade,Center Forward,2,81,53,Regular Play,Open Play,Head,Normal,False,True,False,0.067200735,Off T,False
wc2022,3869420,2022-12-09,Quarter-finals,Croatia,Brazil,Nikola Vlašić,Right Wing,2,84,20,From Throw In,Open Play,Right Foot,Normal,False,False,False,0.026884926,Blocked,False
wc2022,3869420,2022-12-09,Quarter-finals,Brazil,Croatia,Éder Gabriel Militão,Right Back,2,85,22,Regular Play,Open Play,Right Foot,Normal,True,False,False,0.04975106,Blocked,False
wc2022,3869420,2022-12-09,Quarter-finals,Brazil,Croatia,Éder Gabriel Militão,Right Back,2,85,24,Regular Play,Open Play,Left Foot,Half Volley,True,False,False,0.06132018,Blocked,False
wc2022,3869420,2022-12-09,Quarter-finals,Brazil,Croatia,Antony Matheus dos Santos,Right Midfield,2,93,36,From Free Kick,Open Play,Left Foot,Normal,False,False,False,0.013999131,Saved,False
wc2022,3869420,2022-12-09,Quarter-finals,Brazil,Croatia,Pedro Guilherme Abreu dos Santos,Center Forward,3,91,16,From Corner,Open Play,Head,Normal,False,False,False,0.057022728,Wayward,False
wc2022,3869420,2022-12-09,Quarter-finals,Brazil,Croatia,Pedro Guilherme Abreu dos Santos,Center Forward,3,100,41,From Free Kick,Open Play,Right Foot,Volley,True,False,False,0.113875866,Saved,False
wc2022,3869420,2022-12-09,Quarter-finals,Croatia,Brazil,Marcelo Brozović,Center Defensive Midfield,3,102,19,Regular Play,Open Play,Right Foot,Normal,True,False,False,0.12467693,Off T,False
wc2022,3869420,2022-12-09,Quarter-finals,Brazil,Croatia,Danilo Luiz da Silva,Left Back,3,104,8,From Throw In,Open Play,Right Foot,Normal,False,False,False,0.0154907415,Off T,False
wc2022,3869420,2022-12-09,Quarter-finals,Brazil,Croatia,Neymar da Silva Santos Junior,Center Attacking Midfield,3,105,35,From Throw In,Open Play,Right Foot,Normal,False,False,False,0.4674385,Goal,True
wc2022,3869420,2022-12-09,Quarter-finals,Croatia,Brazil,Bruno Petković,Right Center Forward,4,116,2,Regular Play,Open Play,Left Foot,Normal,True,False,False,0.09977819,Goal,True
wc2022,3869420,2022-12-09,Quarter-finals,Croatia,Brazil,Lovro Majer,Right Defensive Midfield,4,119,45,From Free Kick,Open Play,Left Foot,Normal,False,False,False,0.01192189,Off T,False
wc2022,3869420,2022-12-09,Quarter-finals,Brazil,Croatia,Carlos Henrique Casimiro,Left Defensive Midfield,4,121,19,From Free Kick,Open Play,Left Foot,Half Volley,True,False,False,0.10135116,Saved,False
wc2022,3869420,2022-12-09,Quarter-finals,Croatia,Brazil,Nikola Vlašić,Right Midfield,5,120,3,Other,Penalty,Right Foot,Normal,False,False,False,0.7835,Goal,True
wc2022,3869420,2022-12-09,Quarter-finals,Brazil,Croatia,Rodrygo Silva de Goes,Left Midfield,5,120,47,Other,Penalty,Right Foot,Normal,False,False,False,0.7835,Saved,False
wc2022,3869420,2022-12-09,Quarter-finals,Croatia,Brazil,Lovro Majer,Right Defensive Midfield,5,121,38,Other,Penalty,Left Foot,Normal,False,False,False,0.7835,Goal,True
wc2022,3869420,2022-12-09,Quarter-finals,Brazil,Croatia,Carlos Henrique Casimiro,Left Defensive Midfield,5,122,17,Other,Penalty,Right Foot,Normal,False,False,False,0.7835,Goal,True
wc2022,3869420,2022-12-09,Quarter-finals,Croatia,Brazil,Luka Modrić,Left Defensive Midfield,5,123,6,Other,Penalty,Right Foot,Normal,False,False,False,0.7835,Goal,True
wc2022,3869420,2022-12-09,Quarter-finals,Brazil,Croatia,Pedro Guilherme Abreu dos Santos,Center Forward,5,123,49,Other,Penalty,Right Foot,Normal,False,False,False,0.7835,Goal,True
wc2022,3869420,2022-12-09,Quarter-finals,Croatia,Brazil,Mislav Oršić,Left Midfield,5,124,34,Other,Penalty,Right Foot,Normal,False,False,False,0.7835,Goal,True
wc2022,3869420,2022-12-09,Quarter-finals,Brazil,Croatia,Marcos Aoás Corrêa,Left Center Back,5,125,22,Other,Penalty,Right Foot,Normal,False,False,True,0.7835,Post,False
wc2022,3869220,2022-12-06,Round of 16,Morocco,Spain,Achraf Hakimi Mouh,Right Back,1,11,4,From Free Kick,Free Kick,Right Foot,Normal,False,False,False,0.041958537,Off T,False
wc2022,3869220,2022-12-06,Round of 16,Spain,Morocco,Marco Asensio Willemsen,Center Forward,1,25,57,Regular Play,Open Play,Left Foot,Half Volley,False,False,True,0.025564773,Off T,False
wc2022,3869220,2022-12-06,Round of 16,Morocco,Spain,Noussair Mazraoui,Left Back,1,32,18,From Throw In,Open Play,Left Foot,Normal,False,False,False,0.023416335,Saved,False
wc2022,3869220,2022-12-06,Round of 16,Morocco,Spain,Nayef Aguerd,Right Center Back,1,41,52,From Free Kick,Open Play,Head,Normal,False,False,False,0.25141555,Off T,False
wc2022,3869220,2022-12-06,Round of 16,Spain,Morocco,Daniel Olmo Carvajal,Left Wing,2,54,0,From Free Kick,Open Play,Right Foot,Normal,True,False,False,0.0073576192,Saved,False
wc2022,3869220,2022-12-06,Round of 16,Spain,Morocco,Daniel Olmo Carvajal,Left Wing,2,77,37,Regular Play,Open Play,Right Foot,Half Volley,True,False,False,0.031760626,Off T,False
wc2022,3869220,2022-12-06,Round of 16,Spain,Morocco,Álvaro Borja Morata Martín,Center Forward,2,81,0,From Corner,Open Play,Right Foot,Normal,True,False,False,0.017266534,Wayward,False
wc2022,3869220,2022-12-06,Round of 16,Morocco,Spain,Walid Cheddira,Center Forward,2,85,5,From Free Kick,Open Play,Right Foot,Half Volley,True,False,False,0.119254045,Saved Off Target,False
wc2022,3869220,2022-12-06,Round of 16,Spain,Morocco,Álvaro Borja Morata Martín,Center Forward,2,90,20,From Free Kick,Open Play,Head,Normal,False,False,True,0.049165204,Off T,False
wc2022,3869220,2022-12-06,Round of 16,Spain,Morocco,Aymeric Laporte,Left Center Back,2,95,0,From Corner,Open Play,Head,Normal,False,False,False,0.04145577,Blocked,False
wc2022,3869220,2022-12-06,Round of 16,Spain,Morocco,Alejandro Balde Martínez,Left Back,3,99,56,From Throw In,Open Play,Left Foot,Normal,False,False,False,0.077706024,Blocked,False
wc2022,3869220,2022-12-06,Round of 16,Spain,Morocco,Rodrigo Hernández Cascante,Right Center Back,3,102,51,Regular Play,Open Play,Right Foot,Normal,False,False,False,0.0056476467,Off T,False
wc2022,3869220,2022-12-06,Round of 16,Morocco,Spain,Walid Cheddira,Center Forward,3,103,35,From Goal Kick,Open Play,Left Foot,Normal,False,True,False,0.1301347,Saved,False
wc2022,3869220,2022-12-06,Round of 16,Spain,Morocco,Marcos Llorente Moreno,Right Back,3,106,9,From Corner,Open Play,Right Foot,Half Volley,True,False,False,0.024551911,Blocked,False
wc2022,3869220,2022-12-06,Round of 16,Morocco,Spain,Abdelhamid Sabiri,Left Center Midfield,4,105,1,From Kick Off,Open Play,Right Foot,Lob,True,False,False,0.004195439,Off T,False
wc2022,3869220,2022-12-06,Round of 16,Spain,Morocco,Sergio Busquets i Burgos,Center Defensive Midfield,4,120,46,Regular Play,Open Play,Left Foot,Normal,False,False,False,0.0709334,Blocked,False
wc2022,3869220,2022-12-06,Round of 16,Spain,Morocco,Carlos Soler Barragán,Right Center Midfield,4,121,22,Regular Play,Open Play,Head,Normal,False,False,False,0.039505202,Blocked,False
wc2022,3869220,2022-12-06,Round of 16,Spain,Morocco,Pablo Sarabia García,Right Wing,4,122,22,From Corner,Open Play,Right Foot,Volley,True,False,False,0.10407615,Post,False
wc2022,3869220,2022-12-06,Round of 16,Morocco,Spain,Abdelhamid Sabiri,Left Defensive Midfield,5,120,7,Other,Penalty,Right Foot,Normal,False,False,False,0.7835,Goal,True
wc2022,3869220,2022-12-06,Round of 16,Spain,Morocco,Pablo Sarabia García,Right Wing,5,121,0,Other,Penalty,Left Foot,Normal,False,False,True,0.7835,Post,False
wc2022,3869220,2022-12-06,Round of 16,Morocco,Spain,Hakim Ziyech,Right Wing,5,121,51,Other,Penalty,Left Foot,Normal,False,False,False,0.7835,Goal,True
wc2022,3869220,2022-12-06,Round of 16,Spain,Morocco,Carlos Soler Barragán,Right Center Midfield,5,122,44,Other,Penalty,Right Foot,Normal,False,False,False,0.7835,Saved,False
wc2022,3869220,2022-12-06,Round of 16,Morocco,Spain,Badr Banoun,Left Center Back,5,123,36,Other,Penalty,Right Foot,Normal,False,False,False,0.7835,Saved,False
wc2022,3869220,2022-12-06,Round of 16,Spain,Morocco,Sergio Busquets i Burgos,Center Defensive Midfield,5,124,31,Other,Penalty,Right Foot,Normal,False,False,False,0.7835,Saved,False
wc2022,3869220,2022-12-06,Round of 16,Morocco,Spain,Achraf Hakimi Mouh,Right Wing Back,5,125,36,Other,Penalty,Right Foot,Normal,False,False,False,0.7835,Goal,True
wc2022,3869219,2022-12-05,Round of 16,Japan,Croatia,Shogo Taniguchi,Left Center Back,1,2,9,From Corner,Open Play,Head,Normal,False,True,False,0.11361285,Off T,False
wc2022,3869219,2022-12-05,Round of 16,Croatia,Japan,Ivan Perišić,Left Wing,1,7,31,From Goal Kick,Open Play,Right Foot,Normal,False,False,True,0.05943511,Saved,False
wc2022,3869219,2022-12-05,Round of 16,Croatia,Japan,Andrej Kramarić,Right Wing,1,7,34,From Goal Kick,Open Play,Left Foot,Half Volley,False,True,False,0.17775308,Blocked,False
wc2022,3869219,2022-12-05,Round of 16,Croatia,Japan,Joško Gvardiol,Left Center Back,1,23,47,From Free Kick,Open Play,Left Foot,Normal,True,False,False,0.061746918,Off T,False
wc2022,3869219,2022-12-05,Round of 16,Japan,Croatia,Daichi Kamada,Left Wing,1,40,7,Regular Play,Open Play,Right Foot,Normal,False,False,False,0.08994952,Wayward,False
wc2022,3869219,2022-12-05,Round of 16,Japan,Croatia,Daizen Maeda,Center Forward,1,42,54,From Corner,Open Play,Left Foot,Half Volley,True,True,False,0.45874894,Goal,True
wc2022,3869219,2022-12-05,Round of 16,Japan,Croatia,Daichi Kamada,Left Wing,2,45,27,From Counter,Open Play,Right Foot,Normal,False,False,False,0.03904812,Off T,False
wc2022,3869219,2022-12-05,Round of 16,Croatia,Japan,Mateo Kovačić,Left Center Midfield,2,48,13,From Throw In,Open Play,Right Foot,Volley,True,False,False,0.02993381,Off T,False
wc2022,3869219,2022-12-05,Round of 16,Japan,Croatia,Hidemasa Morita,Left Defensive Midfield,2,49,22,Regular Play,Open Play,Right Foot,Half Volley,True,False,False,0.041140273,Wayward,False
wc2022,3869219,2022-12-05,Round of 16,Croatia,Japan,Ivan Perišić,Left Wing,2,54,54,Regular Play,Open Play,Head,Normal,False,False,False,0.02684295,Goal,True
wc2022,3869219,2022-12-05,Round of 16,Japan,Croatia,Wataru Endo,Right Defensive Midfield,2,56,56,From Throw In,Open Play,Right Foot,Normal,False,False,False,0.019910807,Saved,False
wc2022,3869219,2022-12-05,Round of 16,Japan,Croatia,Wataru Endo,Right Defensive Midfield,2,59,48,Regular Play,Open Play,Right Foot,Normal,False,True,False,0.020528734,Blocked,False
wc2022,3869219,2022-12-05,Round of 16,Japan,Croatia,Hidemasa Morita,Left Defensive Midfield,2,59,49,Regular Play,Open Play,Right Foot,Normal,True,False,False,0.052081473,Blocked,False
wc2022,3869219,2022-12-05,Round of 16,Japan,Croatia,Ritsu Doan,Right Wing,2,59,52,Regular Play,Open Play,Left Foot,Normal,False,False,False,0.056113943,Saved,False
wc2022,3869219,2022-12-05,Round of 16,Croatia,Japan,Luka Modrić,Right Center Midfield,2,62,13,Regular Play,Open Play,Right Foot,Half Volley,False,False,False,0.031055314,Saved,False
wc2022,3869219,2022-12-05,Round of 16,Croatia,Japan,Ivan Perišić,Right Wing,2,65,32,Regular Play,Open Play,Left Foot,Normal,False,False,False,0.018378427,Blocked,False
wc2022,3869219,2022-12-05,Round of 16,Croatia,Japan,Andrej Kramarić,Left Wing,2,65,52,Regular Play,Open Play,Right Foot,Normal,False,False,False,0.018472007,Blocked,False
wc2022,3869219,2022-12-05,Round of 16,Croatia,Japan,Ante Budimir,Center Forward,2,65,53,Regular Play,Open Play,Head,Normal,False,False,False,0.10111922,Off T,False
wc2022,3869219,2022-12-05,Round of 16,Croatia,Japan,Mario Pašalić,Right Wing,2,73,43,From Free Kick,Open Play,Head,Normal,False,False,False,0.035465226,Off T,False
wc2022,3869219,2022-12-05,Round of 16,Croatia,Japan,Ivan Perišić,Left Wing,2,76,37,From Throw In,Open Play,Left Foot,Normal,False,False,False,0.030077945,Blocked,False
wc2022,3869219,2022-12-05,Round of 16,Croatia,Japan,Mario Pašalić,Right Wing,2,85,42,From Throw In,Open Play,Head,Normal,False,True,False,0.052599985,Off T,False
wc2022,3869219,2022-12-05,Round of 16,Japan,Croatia,Shogo Taniguchi,Left Center Back,3,91,35,From Corner,Open Play,Head,Normal,False,False,False,0.0608747,Off T,False
wc2022,3869219,2022-12-05,Round of 16,Croatia,Japan,Ivan Perišić,Left Wing,3,100,24,From Throw In,Open Play,Right Foot,Half Volley,True,False,False,0.07439702,Blocked,False
wc2022,3869219,2022-12-05,Round of 16,Croatia,Japan,Borna Barišić,Left Back,3,100,26,From Throw In,Open Play,Left Foot,Volley,True,False,False,0.015196718,Blocked,False
wc2022,3869219,2022-12-05,Round of 16,Japan,Croatia,Kaoru Mitoma,Left Wing Back,3,104,5,From Throw In,Open Play,Right Foot,Normal,False,False,False,0.054134306,Saved,False
wc2022,3869219,2022-12-05,Round of 16,Japan,Croatia,Wataru Endo,Right Defensive Midfield,3,104,9,From Throw In,Open Play,Right Foot,Volley,True,False,False,0.02615668,Blocked,False
wc2022,3869219,2022-12-05,Round of 16,Japan,Croatia,Takumi Minamino,Left Wing,3,104,20,From Throw In,Open Play,Right Foot,Volley,True,False,False,0.03667642,Blocked,False
wc2022,3869219,2022-12-05,Round of 16,Croatia,Japan,Marko Livaja,Center Forward,4,113,42,From Throw In,Open Play,Head,Normal,False,True,False,0.047236525,Saved,False
wc2022,3869219,2022-12-05,Round of 16,Croatia,Japan,Mislav Oršić,Left Wing,4,120,10,From Throw In,Open Play,Right Foot,Normal,False,False,False,0.009676031,Blocked,False
wc2022,3869219,2022-12-05,Round of 16,Croatia,Japan,Lovro Majer,Right Center Midfield,4,120,18,From Throw In,Open Play,Right Foot,Normal,True,False,False,0.06501122,Off T,False
wc2022,3869219,2022-12-05,Round of 16,Japan,Croatia,Takumi Minamino,Left Wing,5,120,4,Other,Penalty,Right Foot,Normal,False,False,False,0.7835,Saved,False
wc2022,3869219,2022-12-05,Round of 16,Croatia,Japan,Nikola Vlašić,Left Center Midfield,5,120,43,Other,Penalty,Right Foot,Normal,False,False,False,0.7835,Goal,True
wc2022,3869219,2022-12-05,Round of 16,Japan,Croatia,Kaoru Mitoma,Left Wing Back,5,121,13,Other,Penalty,Right Foot,Normal,False,False,False,0.7835,Saved,False
wc2022,3869219,2022-12-05,Round of 16,Croatia,Japan,Marcelo Brozović,Center Defensive Midfield,5,121,52,Other,Penalty,Right Foot,Normal,False,False,False,0.7835,Goal,True
wc2022,3869219,2022-12-05,Round of 16,Japan,Croatia,Takuma Asano,Center Forward,5,122,33,Other,Penalty,Right Foot,Normal,False,False,False,0.7835,Goal,True
wc2022,3869219,2022-12-05,Round of 16,Croatia,Japan,Marko Livaja,Center Forward,5,123,13,Other,Penalty,Right Foot,Normal,False,False,True,0.7835,Post,False
wc2022,3869219,2022-12-05,Round of 16,Japan,Croatia,Maya Yoshida,Center Back,5,123,50,Other,Penalty,Right Foot,Normal,False,False,False,0.7835,Saved,False
wc2022,3869219,2022-12-05,Round of 16,Croatia,Japan,Mario Pašalić,Right Wing,5,124,28,Other,Penalty,Right Foot,Normal,False,False,False,0.7835,Goal,True
wc2022,3869253,2022-12-05,Round of 16,Brazil,South Korea,Neymar da Silva Santos Junior,Center Attacking Midfield,1,6,39,From Free Kick,Open Play,Right Foot,Normal,True,False,False,0.083826184,Wayward,False
wc2022,3869253,2022-12-05,Round of 16,Brazil,South Korea,Vinícius José Paixão de Oliveira Júnior,Left Wing,1,6,41,From Free Kick,Open Play,Right Foot,Normal,False,False,False,0.13057186,Goal,True
wc2022,3869253,2022-12-05,Round of 16,Brazil,South Korea,Neymar da Silva Santos Junior,Center Attacking Midfield,1,12,18,Other,Penalty,Right Foot,Normal,False,False,False,0.7835,Goal,True
wc2022,3869253,2022-12-05,Round of 16,South Korea,Brazil,Hee-Chan Hwang,Left Midfield,1,16,15,Regular Play,Open Play,Right Foot,Normal,False,False,False,0.016991004,Saved,False
wc2022,3869253,2022-12-05,Round of 16,South Korea,Brazil,In-Beom Hwang,Left Defensive Midfield,1,16,40,From Corner,Open Play,Left Foot,Normal,False,False,False,0.026666574,Off T,False
wc2022,3869253,2022-12-05,Round of 16,South Korea,Brazil,Hee-Chan Hwang,Left Midfield,1,24,57,From Corner,Open Play,Right Foot,Normal,False,False,False,0.0058221314,Saved,False
wc2022,3869253,2022-12-05,Round of 16,Brazil,South Korea,Richarlison de Andrade,Center Forward,1,28,13,From Corner,Open Play,Left Foot,Normal,False,False,True,0.5379008,Goal,True
wc2022,3869253,2022-12-05,Round of 16,Brazil,South Korea,Raphael Dias Belloli,Right Wing,1,30,19,Regular Play,Open Play,Left Foot,Normal,False,False,False,0.02589997,Off T,False
wc2022,3869253,2022-12-05,Round of 16,South Korea,Brazil,Hee-Chan Hwang,Left Midfield,1,31,37,From Goal Kick,Open Play,Right Foot,Normal,False,False,True,0.017834108,Saved,False
wc2022,3869253,2022-12-05,Round of 16,Brazil,South Korea,Carlos Henrique Casimiro,Left Defensive Midfield,1,33,37,From Throw In,Open Play,Right Foot,Normal,True,False,False,0.029429397,Off T,False
wc2022,3869253,2022-12-05,Round of 16,Brazil,South Korea,Lucas Tolentino Coelho de Lima,Right Defensive Midfield,1,35,45,From Throw In,Open Play,Right Foot,Volley,True,True,False,0.08633457,Goal,True
wc2022,3869253,2022-12-05,Round of 16,Brazil,South Korea,Lucas Tolentino Coelho de Lima,Right Defensive Midfield,1,45,14,Regular Play,Open Play,Left Foot,Normal,True,False,False,0.2577265,Saved,False
wc2022,3869253,2022-12-05,Round of 16,Brazil,South Korea,Richarlison de Andrade,Center Forward,1,48,8,From Counter,Open Play,Right Foot,Normal,False,False,False,0.2681848,Saved,False
wc2022,3869253,2022-12-05,Round of 16,Brazil,South Korea,Neymar da Silva Santos Junior,Center Attacking Midfield,1,48,9,From Counter,Open Play,Other,Normal,False,True,False,0.26870713,Off T,False
wc2022,3869253,2022-12-05,Round of 16,Brazil,South Korea,Raphael Dias Belloli,Right Wing,2,45,23,From Kick Off,Open Play,Left Foot,Normal,False,False,False,0.04634087,Saved,False
wc2022,3869253,2022-12-05,Round of 16,South Korea,Brazil,Heung-Min Son,Left Midfield,2,46,16,Regular Play,Open Play,Right Foot,Normal,False,False,False,0.1490943,Saved,False
wc2022,3869253,2022-12-05,Round of 16,Brazil,South Korea,Raphael Dias Belloli,Right Wing,2,53,52,From Throw In,Open Play,Left Foot,Normal,False,False,False,0.080992505,Saved,False
wc2022,3869253,2022-12-05,Round of 16,Brazil,South Korea,Vinícius José Paixão de Oliveira Júnior,Left Wing,2,53,59,From Throw In,Open Play,Right Foot,Normal,False,True,False,0.05640157,Off T,False
wc2022,3869253,2022-12-05,Round of 16,Brazil,South Korea,Raphael Dias Belloli,Right Wing,2,57,0,From Free Kick,Free Kick,Left Foot,Normal,False,False,False,0.04321825,Blocked,False
wc2022,3869253,2022-12-05,Round of 16,Brazil,South Korea,Raphael Dias Belloli,Right Wing,2,61,39,Regular Play,Open Play,Right Foot,Normal,False,False,True,0.16284284,Saved,False
wc2022,3869253,2022-12-05,Round of 16,South Korea,Brazil,Hee-Chan Hwang,Right Midfield,2,67,34,Regular Play,Open Play,Right Foot,Half Volley,True,False,False,0.04724954,Saved,False
wc2022,3869253,2022-12-05,Round of 16,South Korea,Brazil,Seung-Ho Paik,Right Center Midfield,2,75,47,From Free Kick,Open Play,Left Foot,Half Volley,False,False,False,0.023081098,Goal,True
wc2022,3869253,2022-12-05,Round of 16,Brazil,South Korea,Daniel Alves da Silva,Right Back,2,88,28,From Free Kick,Open Play,Right Foot,Overhead Kick,True,False,False,0.027839905,Blocked,False
wc2022,3869253,2022-12-05,Round of 16,Brazil,South Korea,Gleison Bremer Silva Nascimento,Left Back,2,89,3,From Corner,Open Play,Head,Normal,False,False,False,0.34439024,Saved,False
wc2022,3869253,2022-12-05,Round of 16,South Korea,Brazil,Hee-Chan Hwang,Right Midfield,2,89,49,From Goal Kick,Open Play,Right Foot,Half Volley,False,False,True,0.058088522,Off T,False
wc2022,3869253,2022-12-05,Round of 16,Brazil,South Korea,Daniel Alves da Silva,Right Back,2,92,41,From Throw In,Open Play,Right Foot,Normal,False,False,False,0.027316706,Off T,False
wc2022,3869152,2022-12-04,Round of 16,France,Poland,Raphaël Varane,Right Center Back,1,3,12,From Corner,Open Play,Head,Normal,False,True,False,0.1462742,Off T,False
wc2022,3869152,2022-12-04,Round of 16,France,Poland,Ousmane Dembélé,Right Wing,1,10,1,From Corner,Open Play,Right Foot,Normal,False,False,False,0.040392082,Blocked,False
wc2022,3869152,2022-12-04,Round of 16,France,Poland,Aurélien Djani Tchouaméni,Right Defensive Midfield,1,12,5,From Free Kick,Open Play,Right Foot,Normal,False,False,False,0.017185243,Saved,False
wc2022,3869152,2022-12-04,Round of 16,France,Poland,Ousmane Dembélé,Right Wing,1,16,5,From Free Kick,Open Play,Left Foot,Normal,False,False,False,0.07651916,Saved,False
wc2022,3869152,2022-12-04,Round of 16,Poland,France,Robert Lewandowski,Center Forward,1,20,9,Regular Play,Open Play,Left Foot,Normal,False,False,False,0.03323787,Off T,False
wc2022,3869152,2022-12-04,Round of 16,France,Poland,Jules Koundé,Right Back,1,21,22,From Goal Kick,Open Play,Right Foot,Normal,False,False,False,0.01624438,Saved,False
wc2022,3869152,2022-12-04,Round of 16,Poland,France,Przemysław Frankowski,Left Midfield,1,24,4,Regular Play,Open Play,Right Foot,Normal,True,False,False,0.043646414,Blocked,False
wc2022,3869152,2022-12-04,Round of 16,Poland,France,Robert Lewandowski,Center Forward,1,32,21,From Free Kick,Free Kick,Right Foot,Normal,False,False,False,0.042642463,Blocked,False
wc2022,3869152,2022-12-04,Round of 16,Poland,France,Matty Cash,Right Back,1,33,57,Regular Play,Open Play,Right Foot,Normal,True,False,False,0.023505978,Wayward,False
wc2022,3869152,2022-12-04,Round of 16,France,Poland,Kylian Mbappé Lottin,Left Wing,1,34,52,From Goal Kick,Open Play,Left Foot,Normal,False,False,False,0.047962468,Saved,False
wc2022,3869152,2022-12-04,Round of 16,France,Poland,Olivier Giroud,Center Forward,1,35,31,From Corner,Open Play,Left Foot,Half Volley,True,False,False,0.046657436,Wayward,False
wc2022,3869152,2022-12-04,Round of 16,Poland,France,Piotr Zieliński,Right Center Midfield,1,37,8,From Throw In,Open Play,Right Foot,Normal,True,False,False,0.13905574,Saved,False
wc2022,3869152,2022-12-04,Round of 16,Poland,France,Piotr Zieliński,Right Center Midfield,1,37,9,From Throw In,Open Play,Left Foot,Half Volley,True,False,False,0.2098723,Blocked,False
wc2022,3869152,2022-12-04,Round of 16,Poland,France,Jakub Kamiński,Right Midfield,1,37,10,From Throw In,Open Play,Right Foot,Half Volley,True,False,False,0.07224382,Blocked,False
wc2022,3869152,2022-12-04,Round of 16,France,Poland,Olivier Giroud,Center Forward,1,43,28,From Throw In,Open Play,Left Foot,Normal,False,False,False,0.28635955,Goal,True
wc2022,3869152,2022-12-04,Round of 16,Poland,France,Jakub Kamiński,Right Midfield,1,45,24,From Throw In,Open Play,Right Foot,Half Volley,False,False,False,0.03898995,Blocked,False
wc2022,3869152,2022-12-04,Round of 16,France,Poland,Antoine Griezmann,Center Attacking Midfield,2,47,38,From Free Kick,Free Kick,Left Foot,Normal,False,False,False,0.008752431,Saved,False
wc2022,3869152,2022-12-04,Round of 16,France,Poland,Theo Bernard François Hernández,Left Back,2,47,41,From Free Kick,Open Play,Right Foot,Volley,True,False,False,0.032634486,Off T,False
wc2022,3869152,2022-12-04,Round of 16,France,Poland,Kylian Mbappé Lottin,Left Wing,2,55,53,From Throw In,Open Play,Right Foot,Normal,False,False,False,0.02943752,Blocked,False
wc2022,3869152,2022-12-04,Round of 16,France,Poland,Kylian Mbappé Lottin,Left Wing,2,62,41,Regular Play,Open Play,Right Foot,Normal,True,False,False,0.054253228,Wayward,False
wc2022,3869152,2022-12-04,Round of 16,France,Poland,Olivier Giroud,Center Forward,2,65,8,Regular Play,Open Play,Left Foot,Volley,True,True,False,0.12365263,Off T,False
wc2022,3869152,2022-12-04,Round of 16,Poland,France,Kamil Glik,Right Center Back,2,70,58,From Free Kick,Open Play,Head,Normal,False,True,False,0.041239407,Off T,False
wc2022,3869152,2022-12-04,Round of 16,France,Poland,Kylian Mbappé Lottin,Left Wing,2,73,56,Regular Play,Open Play,Right Foot,Normal,False,False,False,0.08738103,Goal,True
wc2022,3869152,2022-12-04,Round of 16,France,Poland,Theo Bernard François Hernández,Left Back,2,80,58,From Free Kick,Open Play,Right Foot,Normal,False,False,False,0.069959894,Off T,False
wc2022,3869152,2022-12-04,Round of 16,France,Poland,Kylian Mbappé Lottin,Center Forward,2,90,5,Regular Play,Open Play,Right Foot,Normal,False,False,False,0.042708755,Goal,True
wc2022,3869152,2022-12-04,Round of 16,Poland,France,Robert Lewandowski,Center Forward,2,91,50,From Kick Off,Open Play,Right Foot,Half Volley,True,True,False,0.061160102,Wayward,False
wc2022,3869152,2022-12-04,Round of 16,Poland,France,Robert Lewandowski,Center Forward,2,93,41,Regular Play,Open Play,Head,Normal,False,True,False,0.10443308,Blocked,False
wc2022,3869152,2022-12-04,Round of 16,Poland,France,Robert Lewandowski,Center Forward,2,98,36,Other,Penalty,Right Foot,Normal,False,False,False,0.7835,Goal,True
wc2022,3869117,2022-12-03,Round of 16,United States,Netherlands,Christian Pulisic,Left Wing,1,2,10,From Throw In,Open Play,Left Foot,Half Volley,True,False,False,0.3196895,Saved,False
wc2022,3869117,2022-12-03,Round of 16,Netherlands,United States,Memphis Depay,Left Center Forward,1,9,31,Regular Play,Open Play,Right Foot,Normal,True,False,False,0.16183718,Goal,True
wc2022,3869117,2022-12-03,Round of 16,Netherlands,United States,Daley Blind,Left Wing Back,1,17,4,Regular Play,Open Play,Left Foot,Normal,True,False,False,0.07337185,Off T,False
wc2022,3869117,2022-12-03,Round of 16,Netherlands,United States,Memphis Depay,Left Center Forward,1,20,20,From Free Kick,Open Play,Right Foot,Half Volley,True,False,False,0.008920797,Off T,False
wc2022,3869117,2022-12-03,Round of 16,United States,Netherlands,Timothy Weah,Right Wing,1,42,7,Regular Play,Open Play,Right Foot,Half Volley,False,False,False,0.028368456,Saved,False
wc2022,3869117,2022-12-03,Round of 16,United States,Netherlands,Sergino Dest,Right Back,1,43,58,Regular Play,Open Play,Right Foot,Normal,False,False,False,0.07418261,Blocked,False
wc2022,3869117,2022-12-03,Round of 16,Netherlands,United States,Daley Blind,Left Wing Back,1,45,36,From Throw In,Open Play,Right Foot,Normal,True,False,False,0.2502288,Goal,True
wc2022,3869117,2022-12-03,Round of 16,United States,Netherlands,Weston McKennie,Right Center Midfield,2,48,45,From Corner,Open Play,Head,Normal,False,True,False,0.03899759,Wayward,False
wc2022,3869117,2022-12-03,Round of 16,United States,Netherlands,Tim Ream,Left Center Back,2,48,46,From Corner,Open Play,Left Foot,Half Volley,False,False,False,0.2582279,Saved,False
wc2022,3869117,2022-12-03,Round of 16,United States,Netherlands,Weston McKennie,Right Center Midfield,2,48,55,From Corner,Open Play,Head,Normal,False,True,False,0.06857926,Wayward,False
wc2022,3869117,2022-12-03,Round of 16,United States,Netherlands,Sergino Dest,Right Back,2,50,49,From Free Kick,Open Play,Left Foot,Normal,False,False,False,0.01609117,Wayward,False
wc2022,3869117,2022-12-03,Round of 16,United States,Netherlands,Christian Pulisic,Left Wing,2,52,0,From Throw In,Open Play,Right Foot,Normal,False,False,False,0.040512722,Saved,False
wc2022,3869117,2022-12-03,Round of 16,United States,Netherlands,Weston McKennie,Right Center Midfield,2,53,0,Regular Play,Open Play,Left Foot,Half Volley,False,False,False,0.053084504,Off T,False
wc2022,3869117,2022-12-03,Round of 16,Netherlands,United States,Cody Mathès Gakpo,Center Attacking Midfield,2,60,39,Regular Play,Open Play,Left Foot,Normal,False,False,False,0.053106464,Blocked,False
wc2022,3869117,2022-12-03,Round of 16,Netherlands,United States,Memphis Depay,Left Center Forward,2,60,42,Regular Play,Open Play,Right Foot,Normal,True,False,False,0.046333984,Saved,False
wc2022,3869117,2022-12-03,Round of 16,United States,Netherlands,Timothy Weah,Right Wing,2,62,41,Regular Play,Open Play,Left Foot,Normal,False,False,False,0.04334448,Blocked,False
wc2022,3869117,2022-12-03,Round of 16,Netherlands,United States,Virgil van Dijk,Center Back,2,70,10,From Corner,Open Play,Head,Normal,False,True,False,0.08036702,Off T,False
wc2022,3869117,2022-12-03,Round of 16,Netherlands,United States,Teun Koopmeiners,Right Defensive Midfield,2,70,52,Regular Play,Open Play,Left Foot,Normal,False,False,False,0.04472613,Saved,False
wc2022,3869117,2022-12-03,Round of 16,Netherlands,United States,Memphis Depay,Left Center Forward,2,70,54,Regular Play,Open Play,Head,Diving Header,False,False,True,0.27671057,Saved,False
wc2022,3869117,2022-12-03,Round of 16,United States,Netherlands,Giovanni Reyna,Right Wing,2,73,13,Regular Play,Open Play,Left Foot,Normal,False,False,False,0.042619057,Off T,False
wc2022,3869117,2022-12-03,Round of 16,United States,Netherlands,Haji Wright,Center Forward,2,74,14,Regular Play,Open Play,Right Foot,Normal,False,False,False,0.046546377,Blocked,False
wc2022,3869117,2022-12-03,Round of 16,United States,Netherlands,Haji Wright,Center Forward,2,75,20,From Corner,Open Play,Right Foot,Normal,True,False,False,0.3636808,Goal,True
wc2022,3869117,2022-12-03,Round of 16,Netherlands,United States,Steven Bergwijn,Right Center Forward,2,77,21,Regular Play,Open Play,Right Foot,Normal,True,False,False,0.25042096,Off T,False
wc2022,3869117,2022-12-03,Round of 16,United States,Netherlands,Christian Pulisic,Left Wing,2,78,7,From Goal Kick,Open Play,Left Foot,Normal,False,False,False,0.031073315,Saved,False
wc2022,3869117,2022-12-03,Round of 16,Netherlands,United States,Denzel Dumfries,Right Wing Back,2,80,28,From Keeper,Open Play,Left Foot,Volley,True,False,False,0.23592436,Goal,True
wc2022,3869117,2022-12-03,Round of 16,United States,Netherlands,Walker Zimmerman,Right Center Back,2,85,25,From Corner,Open Play,Right Foot,Volley,False,False,False,0.05674074,Off T,False
wc2022,3869117,2022-12-03,Round of 16,United States,Netherlands,Giovanni Reyna,Right Wing,2,88,48,Regular Play,Open Play,Left Foot,Normal,False,False,False,0.043403003,Blocked,False
wc2022,3869117,2022-12-03,Round of 16,United States,Netherlands,Yunus Dimoara Musah,Right Center Midfield,2,93,29,From Throw In,Open Play,Right Foot,Half Volley,True,False,False,0.054460905,Blocked,False
wc2022,3869117,2022-12-03,Round of 16,United States,Netherlands,Haji Wright,Center Forward,2,94,7,From Throw In,Open Play,Head,Normal,False,True,False,0.072495155,Wayward,False
wc2022,3857270,2022-11-28,Group Stage,Uruguay,Portugal,Mathías Olivera Miramontes,Left Wing Back,1,2,2,Regular Play,Open Play,Left Foot,Normal,False,False,False,0.039672486,Off T,False
wc2022,3857270,2022-11-28,Group Stage,Portugal,Uruguay,William Silva de Carvalho,Left Center Midfield,1,2,59,From Throw In,Open Play,Right Foot,Volley,True,False,False,0.048683427,Off T,False
wc2022,3857270,2022-11-28,Group Stage,Portugal,Uruguay,Bruno Miguel Borges Fernandes,Center Attacking Midfield,1,7,17,From Free Kick,Open Play,Right Foot,Normal,False,False,False,0.014580331,Off T,False
wc2022,3857270,2022-11-28,Group Stage,Uruguay,Portugal,José María Giménez de Vargas,Right Center Back,1,11,6,From Corner,Open Play,Head,Normal,False,False,False,0.050594334,Off T,False
wc2022,3857270,2022-11-28,Group Stage,Portugal,Uruguay,João Félix Sequeira,Left Center Forward,1,15,31,Regular Play,Open Play,Right Foot,Normal,False,False,False,0.033737455,Blocked,False
wc2022,3857270,2022-11-28,Group Stage,Portugal,Uruguay,Cristiano Ronaldo dos Santos Aveiro,Right Center Forward,1,17,45,From Free Kick,Free Kick,Right Foot,Normal,False,False,False,0.026755862,Blocked,False
wc2022,3857270,2022-11-28,Group Stage,Portugal,Uruguay,Rúben Diogo Da Silva Neves,Center Defensive Midfield,1,19,49,Regular Play,Open Play,Right Foot,Half Volley,True,False,False,0.015326656,Blocked,False
wc2022,3857270,2022-11-28,Group Stage,Uruguay,Portugal,Rodrigo Bentancur Colmán,Center Defensive Midfield,1,31,57,From Throw In,Open Play,Right Foot,Normal,False,False,True,0.49410823,Saved,False
wc2022,3857270,2022-11-28,Group Stage,Portugal,Uruguay,Cristiano Ronaldo dos Santos Aveiro,Right Center Forward,1,34,9,From Keeper,Open Play,Left Foot,Normal,False,False,False,0.029249214,Blocked,False
wc2022,3857270,2022-11-28,Group Stage,Portugal,Uruguay,João Félix Sequeira,Left Center Forward,1,34,15,From Keeper,Open Play,Right Foot,Normal,False,False,False,0.022321237,Blocked,False
wc2022,3857270,2022-11-28,Group Stage,Uruguay,Portugal,Rodrigo Bentancur Colmán,Center Defensive Midfield,1,35,8,From Goal Kick,Open Play,Right Foot,Normal,True,False,False,0.07433986,Wayward,False
wc2022,3857270,2022-11-28,Group Stage,Portugal,Uruguay,Bruno Miguel Borges Fernandes,Center Attacking Midfield,1,36,45,From Throw In,Open Play,Right Foot,Normal,False,False,False,0.028039778,Blocked,False
wc2022,3857270,2022-11-28,Group Stage,Portugal,Uruguay,João Félix Sequeira,Left Center Forward,2,51,38,Other,Open Play,Left Foot,Normal,False,False,False,0.036293734,Off T,False
wc2022,3857270,2022-11-28,Group Stage,Portugal,Uruguay,Bruno Miguel Borges Fernandes,Center Attacking Midfield,2,53,40,Regular Play,Open Play,Right Foot,Normal,False,False,False,0.0077694156,Goal,True
wc2022,3857270,2022-11-28,Group Stage,Portugal,Uruguay,Cristiano Ronaldo dos Santos Aveiro,Center Forward,2,56,10,Regular Play,Open Play,Right Foot,Normal,False,True,False,0.007159395,Wayward,False
wc2022,3857270,2022-11-28,Group Stage,Uruguay,Portugal,Edinson Roberto Cavani Gómez,Left Center Forward,2,57,25,Regular Play,Open Play,Right Foot,Volley,True,False,False,0.07401822,Off T,False
wc2022,3857270,2022-11-28,Group Stage,Uruguay,Portugal,Darwin Gabriel Núñez Ribeiro,Right Center Forward,2,59,10,Regular Play,Open Play,Right Foot,Normal,False,False,False,0.03092143,Saved,False
wc2022,3857270,2022-11-28,Group Stage,Uruguay,Portugal,Mathías Olivera Miramontes,Left Back,2,64,40,From Throw In,Open Play,Head,Normal,False,True,False,0.041303303,Blocked,False
wc2022,3857270,2022-11-28,Group Stage,Uruguay,Portugal,Maximiliano Gómez González,Left Center Forward,2,74,16,From Throw In,Open Play,Right Foot,Normal,True,False,False,0.047642853,Post,False
wc2022,3857270,2022-11-28,Group Stage,Uruguay,Portugal,Luis Alberto Suárez Díaz,Right Center Forward,2,77,14,From Free Kick,Open Play,Left Foot,Half Volley,False,False,False,0.088375136,Off T,False
wc2022,3857270,2022-11-28,Group Stage,Uruguay,Portugal,Giorgian Daniel De Arrascaeta Benedetti,Left Midfield,2,78,9,Regular Play,Open Play,Right Foot,Normal,True,False,False,0.2560759,Saved,False
wc2022,3857270,2022-11-28,Group Stage,Portugal,Uruguay,Rafael Alexandre Conceição Leão,Left Wing,2,82,41,Regular Play,Open Play,Right Foot,Normal,False,False,False,0.026902085,Off T,False
wc2022,3857270,2022-11-28,Group Stage,Uruguay,Portugal,Federico Santiago Valverde Dipetta,Right Defensive Midfield,2,85,49,From Free Kick,Open Play,Right Foot,Normal,False,False,False,0.019629322,Off T,False
wc2022,3857270,2022-11-28,Group Stage,Portugal,Uruguay,Bruno Miguel Borges Fernandes,Right Wing,2,92,19,Other,Penalty,Right Foot,Normal,False,False,False,0.7835,Goal,True
wc2022,3857270,2022-11-28,Group Stage,Portugal,Uruguay,Bruno Miguel Borges Fernandes,Right Wing,2,97,19,From Throw In,Open Play,Right Foot,Volley,True,False,False,0.032710962,Saved,False
wc2022,3857270,2022-11-28,Group Stage,Portugal,Uruguay,Bruno Miguel Borges Fernandes,Right Wing,2,98,15,Regular Play,Open Play,Right Foot,Half Volley,False,False,False,0.100704454,Post,False
wc2022,3857263,2022-11-27,Group Stage,Spain,Germany,Daniel Olmo Carvajal,Left Wing,1,6,25,Regular Play,Open Play,Right Foot,Normal,False,False,False,0.032144632,Saved to Post,False
wc2022,3857263,2022-11-27,Group Stage,Spain,Germany,Jordi Alba Ramos,Left Back,1,21,14,Regular Play,Open Play,Right Foot,Normal,False,False,False,0.021667236,Off T,False
wc2022,3857263,2022-11-27,Group Stage,Germany,Spain,Serge Gnabry,Right Wing,1,24,11,Regular Play,Open Play,Left Foot,Normal,False,False,False,0.028963488,Off T,False
wc2022,3857263,2022-11-27,Group Stage,Spain,Germany,Ferrán Torres García,Right Wing,1,25,58,Regular Play,Open Play,Left Foot,Normal,False,False,False,0.068952255,Blocked,False
wc2022,3857263,2022-11-27,Group Stage,Germany,Spain,Antonio Rüdiger,Left Center Back,1,29,40,From Free Kick,Open Play,Right Foot,Normal,False,False,False,0.0065071667,Off T,False
wc2022,3857263,2022-11-27,Group Stage,Spain,Germany,Ferrán Torres García,Right Wing,1,35,4,From Corner,Open Play,Right Foot,Normal,False,False,False,0.04777013,Blocked,False
wc2022,3857263,2022-11-27,Group Stage,Germany,Spain,Antonio Rüdiger,Left Center Back,1,44,35,From Free Kick,Open Play,Right Foot,Half Volley,False,False,False,0.008851705,Saved,False
wc2022,3857263,2022-11-27,Group Stage,Germany,Spain,Joshua Kimmich,Right Defensive Midfield,2,55,53,Regular Play,Open Play,Right Foot,Normal,True,False,False,0.09558376,Saved,False
wc2022,3857263,2022-11-27,Group Stage,Spain,Germany,Daniel Olmo Carvajal,Left Wing,2,58,0,From Throw In,Open Play,Right Foot,Normal,False,False,False,0.0118638035,Saved,False
wc2022,3857263,2022-11-27,Group Stage,Spain,Germany,Álvaro Borja Morata Martín,Center Forward,2,61,33,From Goal Kick,Open Play,Right Foot,Normal,True,False,False,0.31874228,Goal,True
wc2022,3857263,2022-11-27,Group Stage,Germany,Spain,Leon Goretzka,Left Defensive Midfield,2,63,24,Regular Play,Open Play,Right Foot,Normal,False,False,False,0.036448006,Blocked,False
wc2022,3857263,2022-11-27,Group Stage,Spain,Germany,Marco Asensio Willemsen,Right Wing,2,64,26,From Free Kick,Open Play,Left Foot,Normal,True,False,False,0.13836038,Off T,False
wc2022,3857263,2022-11-27,Group Stage,Germany,Spain,Niclas Füllkrug,Center Forward,2,72,0,Regular Play,Open Play,Right Foot,Normal,True,False,False,0.3730103,Wayward,False
wc2022,3857263,2022-11-27,Group Stage,Germany,Spain,Jamal Musiala,Center Attacking Midfield,2,72,43,From Throw In,Open Play,Right Foot,Normal,True,False,False,0.28996226,Saved,False
wc2022,3857263,2022-11-27,Group Stage,Germany,Spain,Serge Gnabry,Left Wing,2,72,50,From Throw In,Open Play,Right Foot,Volley,False,False,False,0.024480116,Blocked,False
wc2022,3857263,2022-11-27,Group Stage,Germany,Spain,Niclas Füllkrug,Center Forward,2,73,17,From Corner,Open Play,Head,Normal,False,False,False,0.065169856,Off T,False
wc2022,3857263,2022-11-27,Group Stage,Germany,Spain,Joshua Kimmich,Right Defensive Midfield,2,80,18,From Free Kick,Free Kick,Right Foot,Normal,False,False,False,0.053563386,Blocked,False
wc2022,3857263,2022-11-27,Group Stage,Germany,Spain,Niclas Füllkrug,Center Forward,2,82,25,From Counter,Open Play,Right Foot,Normal,False,False,True,0.16441207,Goal,True
wc2022,3857259,2022-11-28,Group Stage,Serbia,Cameroon,Aleksandar Mitrović,Center Forward,1,5,38,Regular Play,Open Play,Head,Normal,False,False,False,0.06545554,Off T,False
wc2022,3857259,2022-11-28,Group Stage,Serbia,Cameroon,Aleksandar Mitrović,Center Forward,1,10,2,Regular Play,Open Play,Left Foot,Normal,False,False,False,0.016927462,Post,False
wc2022,3857259,2022-11-28,Group Stage,Serbia,Cameroon,Filip Kostić,Left Wing Back,1,10,14,Regular Play,Open Play,Left Foot,Normal,False,False,False,0.012009094,Off T,False
wc2022,3857259,2022-11-28,Group Stage,Cameroon,Serbia,Nicolas Alexis Julio N'Koulou Ndoubena,Left Center Back,1,15,11,From Free Kick,Open Play,Left Foot,Normal,True,False,False,0.046143826,Off T,False
wc2022,3857259,2022-11-28,Group Stage,Serbia,Cameroon,Aleksandar Mitrović,Center Forward,1,16,22,From Throw In,Open Play,Right Foot,Half Volley,True,True,False,0.063389905,Off T,False
wc2022,3857259,2022-11-28,Group Stage,Cameroon,Serbia,Pierre Kunde Malong,Left Center Midfield,1,18,37,Regular Play,Open Play,Right Foot,Half Volley,False,False,True,0.009715966,Saved,False
wc2022,3857259,2022-11-28,Group Stage,Cameroon,Serbia,Pierre Kunde Malong,Left Center Midfield,1,19,31,From Corner,Open Play,Right Foot,Normal,True,False,False,0.029523049,Blocked,False
wc2022,3857259,2022-11-28,Group Stage,Cameroon,Serbia,Nicolas Alexis Julio N'Koulou Ndoubena,Left Center Back,1,28,6,From Corner,Open Play,Head,Normal,False,False,False,0.09064111,Blocked,False
wc2022,3857259,2022-11-28,Group Stage,Cameroon,Serbia,Jean-Charles Castelletto,Right Center Back,1,28,7,From Corner,Open Play,Right Foot,Volley,True,False,False,0.8945071,Goal,True
wc2022,3857259,2022-11-28,Group Stage,Cameroon,Serbia,Pierre Kunde Malong,Left Center Midfield,1,42,44,Regular Play,Open Play,Right Foot,Normal,False,False,False,0.0845098,Saved,False
wc2022,3857259,2022-11-28,Group Stage,Cameroon,Serbia,Pierre Kunde Malong,Left Center Midfield,1,42,45,Regular Play,Open Play,Right Foot,Normal,True,False,False,0.056867022,Off T,False
wc2022,3857259,2022-11-28,Group Stage,Serbia,Cameroon,Strahinja Pavlović,Left Center Back,1,45,22,From Free Kick,Open Play,Head,Normal,False,False,False,0.07892812,Goal,True
wc2022,3857259,2022-11-28,Group Stage,Serbia,Cameroon,Sergej Milinković-Savić,Left Attacking Midfield,1,47,52,From Throw In,Open Play,Left Foot,Normal,False,False,False,0.058657028,Goal,True
wc2022,3857259,2022-11-28,Group Stage,Serbia,Cameroon,Aleksandar Mitrović,Center Forward,1,50,0,From Throw In,Open Play,Right Foot,Normal,False,False,False,0.08318807,Blocked,False
wc2022,3857259,2022-11-28,Group Stage,Serbia,Cameroon,Saša Lukić,Left Defensive Midfield,1,51,13,From Corner,Open Play,Right Foot,Half Volley,True,False,False,0.039666813,Blocked,False
wc2022,3857259,2022-11-28,Group Stage,Serbia,Cameroon,Aleksandar Mitrović,Center Forward,2,52,26,Regular Play,Open Play,Right Foot,Normal,True,False,False,0.8974681,Goal,True
wc2022,3857259,2022-11-28,Group Stage,Cameroon,Serbia,Vincent Paté Aboubakar,Center Attacking Midfield,2,59,40,From Counter,Open Play,Left Foot,Normal,False,False,False,0.05176351,Blocked,False
wc2022,3857259,2022-11-28,Group Stage,Cameroon,Serbia,Karl Brillant Toko Ekambi,Left Wing,2,61,53,From Counter,Open Play,Right Foot,Normal,False,False,False,0.02132554,Saved,False
wc2022,3857259,2022-11-28,Group Stage,Serbia,Cameroon,Sergej Milinković-Savić,Left Attacking Midfield,2,62,22,From Keeper,Open Play,Right Foot,Lob,False,True,False,0.10917903,Off T,False
wc2022,3857259,2022-11-28,Group Stage,Cameroon,Serbia,Vincent Paté Aboubakar,Center Attacking Midfield,2,62,52,From Goal Kick,Open Play,Right Foot,Lob,False,False,False,0.28323865,Goal,True
wc2022,3857259,2022-11-28,Group Stage,Cameroon,Serbia,Jean-Eric Maxim Choupo-Moting,Center Forward,2,65,25,From Counter,Open Play,Left Foot,Normal,True,False,False,0.46942416,Goal,True
wc2022,3857259,2022-11-28,Group Stage,Serbia,Cameroon,Nikola Milenković,Right Center Back,2,69,58,From Corner,Open Play,Head,Normal,False,True,False,0.0304652,Wayward,False
wc2022,3857259,2022-11-28,Group Stage,Serbia,Cameroon,Aleksandar Mitrović,Center Forward,2,75,52,From Free Kick,Open Play,Right Foot,Normal,True,False,False,0.10947208,Saved,False
wc2022,3857259,2022-11-28,Group Stage,Serbia,Cameroon,Sergej Milinković-Savić,Left Attacking Midfield,2,77,24,Regular Play,Open Play,Right Foot,Normal,False,False,False,0.032438725,Off T,False
wc2022,3857259,2022-11-28,Group Stage,Cameroon,Serbia,Vincent Paté Aboubakar,Center Attacking Midfield,2,86,7,From Throw In,Open Play,Right Foot,Normal,False,False,False,0.025639288,Saved,False
wc2022,3857259,2022-11-28,Group Stage,Serbia,Cameroon,Aleksandar Mitrović,Left Center Forward,2,88,4,From Keeper,Open Play,Right Foot,Normal,True,False,False,0.1134657,Off T,False
wc2022,3857259,2022-11-28,Group Stage,Cameroon,Serbia,Georges-Kévin Nkoudou Mbida,Left Wing,2,94,8,From Free Kick,Free Kick,Right Foot,Normal,False,False,False,0.0070103277,Saved,False
wc2022,3857259,2022-11-28,Group Stage,Serbia,Cameroon,Marko Grujić,Right Center Midfield,2,94,42,From Throw In,Open Play,Right Foot,Half Volley,False,False,False,0.027356416,Saved,False
wc2022,3857283,2022-11-27,Group Stage,Belgium,Morocco,Michy Batshuayi Tunga,Center Forward,1,4,48,Regular Play,Open Play,Left Foot,Normal,True,False,False,0.13561569,Saved,False
wc2022,3857283,2022-11-27,Group Stage,Belgium,Morocco,Kevin De Bruyne,Right Wing,1,15,51,From Free Kick,Open Play,Right Foot,Half Volley,True,False,False,0.023734333,Blocked,False
wc2022,3857283,2022-11-27,Group Stage,Belgium,Morocco,Amadou Onana,Right Defensive Midfield,1,16,21,From Corner,Open Play,Head,Normal,False,False,False,0.22733837,Off T,False
wc2022,3857283,2022-11-27,Group Stage,Belgium,Morocco,Thomas Meunier,Right Back,1,18,26,From Throw In,Open Play,Right Foot,Normal,False,False,False,0.050302412,Saved,False
wc2022,3857283,2022-11-27,Group Stage,Morocco,Belgium,Hakim Ziyech,Right Wing,1,20,26,From Throw In,Open Play,Left Foot,Normal,False,True,False,0.010982664,Off T,False
wc2022,3857283,2022-11-27,Group Stage,Morocco,Belgium,Selim Amallah,Right Center Midfield,1,27,27,From Goal Kick,Open Play,Right Foot,Volley,True,False,False,0.054105066,Off T,False
wc2022,3857283,2022-11-27,Group Stage,Morocco,Belgium,Achraf Hakimi Mouh,Right Back,1,34,13,Regular Play,Open Play,Right Foot,Normal,False,True,False,0.054164495,Off T,False
wc2022,3857283,2022-11-27,Group Stage,Belgium,Morocco,Kevin De Bruyne,Right Wing,1,34,54,From Goal Kick,Open Play,Left Foot,Normal,False,True,False,0.021631707,Blocked,False
wc2022,3857283,2022-11-27,Group Stage,Belgium,Morocco,Kevin De Bruyne,Right Wing,1,38,51,From Free Kick,Free Kick,Right Foot,Normal,False,False,False,0.007375095,Off T,False
wc2022,3857283,2022-11-27,Group Stage,Morocco,Belgium,Hakim Ziyech,Right Wing,2,49,45,Regular Play,Open Play,Left Foot,Normal,False,False,False,0.02991042,Saved,False
wc2022,3857283,2022-11-27,Group Stage,Belgium,Morocco,Eden Hazard,Center Attacking Midfield,2,51,8,Regular Play,Open Play,Right Foot,Normal,False,False,False,0.009158539,Saved,False
wc2022,3857283,2022-11-27,Group Stage,Belgium,Morocco,Amadou Onana,Right Defensive Midfield,2,51,52,From Corner,Open Play,Head,Normal,False,True,False,0.06452631,Off T,False
wc2022,3857283,2022-11-27,Group Stage,Morocco,Belgium,Sofiane Boufal,Left Wing,2,56,11,From Throw In,Open Play,Right Foot,Normal,False,False,False,0.01369968,Off T,False
wc2022,3857283,2022-11-27,Group Stage,Morocco,Belgium,Noussair Mazraoui,Left Back,2,60,50,Regular Play,Open Play,Right Foot,Normal,True,False,False,0.022188112,Off T,False
wc2022,3857283,2022-11-27,Group Stage,Belgium,Morocco,Dries Mertens,Right Wing,2,64,40,Regular Play,Open Play,Right Foot,Normal,False,False,False,0.065653466,Saved,False
wc2022,3857283,2022-11-27,Group Stage,Morocco,Belgium,Azzedine Ounahi,Left Center Midfield,2,68,26,From Free Kick,Open Play,Right Foot,Normal,False,False,False,0.023304239,Off T,False
wc2022,3857283,2022-11-27,Group Stage,Morocco,Belgium,Romain Saïss,Left Center Back,2,72,37,From Free Kick,Open Play,Other,Normal,False,False,True,0.56495196,Goal,True
wc2022,3857283,2022-11-27,Group Stage,Belgium,Morocco,Jan Vertonghen,Left Back,2,81,40,From Corner,Open Play,Head,Normal,False,True,False,0.03727616,Off T,False
wc2022,3857283,2022-11-27,Group Stage,Morocco,Belgium,Abderrazak Hamdallah,Center Forward,2,90,0,Regular Play,Open Play,Left Foot,Normal,False,False,False,0.036752854,Saved,False
wc2022,3857283,2022-11-27,Group Stage,Morocco,Belgium,Zakaria Aboukhlal,Left Wing,2,91,51,From Goal Kick,Open Play,Right Foot,Normal,True,False,False,0.18104906,Goal,True
wc2022,3857286,2022-11-20,Group Stage,Ecuador,Qatar,Enner Remberto Valencia Lastra,Right Center Forward,1,15,49,Other,Penalty,Right Foot,Normal,False,False,False,0.7835,Goal,True
wc2022,3857286,2022-11-20,Group Stage,Ecuador,Qatar,Romario Andrés Ibarra Mina,Left Midfield,1,28,7,From Throw In,Open Play,Right Foot,Normal,False,True,False,0.057691004,Off T,False
wc2022,3857286,2022-11-20,Group Stage,Ecuador,Qatar,Enner Remberto Valencia Lastra,Right Center Forward,1,30,44,Regular Play,Open Play,Head,Normal,False,False,False,0.08878088,Goal,True
wc2022,3857286,2022-11-20,Group Stage,Qatar,Ecuador,Abdelkarim Hassan Al Haj Fadlalla,Left Center Back,1,32,40,From Kick Off,Open Play,Left Foot,Normal,False,False,False,0.0062173195,Off T,False
wc2022,3857286,2022-11-20,Group Stage,Qatar,Ecuador,Almoez Ali Zainalabiddin Abdulla,Right Center Forward,1,49,51,From Free Kick,Open Play,Head,Normal,False,False,True,0.21267414,Off T,False
wc2022,3857286,2022-11-20,Group Stage,Ecuador,Qatar,Angelo Smit Preciado Quiñónez,Right Back,2,51,26,Regular Play,Open Play,Right Foot,Normal,False,False,False,0.0066099144,Off T,False
wc2022,3857286,2022-11-20,Group Stage,Ecuador,Qatar,Romario Andrés Ibarra Mina,Left Midfield,2,54,46,Regular Play,Open Play,Right Foot,Normal,False,False,False,0.07894745,Saved,False
wc2022,3857286,2022-11-20,Group Stage,Qatar,Ecuador,Pedro Miguel Correia,Right Wing Back,2,61,23,From Throw In,Open Play,Head,Normal,False,True,False,0.030855335,Off T,False
wc2022,3857286,2022-11-20,Group Stage,Qatar,Ecuador,Akram Hassan Afif,Left Center Forward,2,74,36,From Throw In,Open Play,Right Foot,Normal,False,False,False,0.009109482,Off T,False
wc2022,3857286,2022-11-20,Group Stage,Qatar,Ecuador,Mohammed Muntari,Right Center Forward,2,85,28,From Goal Kick,Open Play,Right Foot,Half Volley,True,False,False,0.045332674,Off T,False
wc2022,3857286,2022-11-20,Group Stage,Ecuador,Qatar,Kevin José Rodríguez Cortez,Center Forward,2,94,26,From Corner,Open Play,Head,Normal,False,False,False,0.13848205,Off T,False
wc2022,3857300,2022-11-22,Group Stage,Argentina,Saudi Arabia,Lionel Andrés Messi Cuccittini,Right Center Forward,1,1,34,Regular Play,Open Play,Left Foot,Normal,True,False,False,0.15308252,Saved,False
wc2022,3857300,2022-11-22,Group Stage,Argentina,Saudi Arabia,Lionel Andrés Messi Cuccittini,Right Center Forward,1,9,15,Other,Penalty,Left Foot,Normal,False,False,False,0.7835,Goal,True
wc2022,3857300,2022-11-22,Group Stage,Argentina,Saudi Arabia,Alejandro Darío Gómez,Left Midfield,1,20,0,From Throw In,Open Play,Right Foot,Normal,False,False,False,0.011924569,Off T,False
wc2022,3857300,2022-11-22,Group Stage,Argentina,Saudi Arabia,Lautaro Javier Martínez,Left Center Forward,1,41,54,From Free Kick,Open Play,Head,Normal,False,False,False,0.0877444,Blocked,False
wc2022,3857300,2022-11-22,Group Stage,Argentina,Saudi Arabia,Rodrigo Javier De Paul,Right Defensive Midfield,1,41,56,From Free Kick,Open Play,Right Foot,Half Volley,True,False,False,0.050540753,Off T,False
wc2022,3857300,2022-11-22,Group Stage,Saudi Arabia,Argentina,Saleh Khalid Al Shehri,Center Forward,2,47,40,From Free Kick,Open Play,Left Foot,Normal,False,False,False,0.080592275,Goal,True
wc2022,3857300,2022-11-22,Group Stage,Saudi Arabia,Argentina,Nawaf Shaker Al Abid,Center Attacking Midfield,2,52,36,Regular Play,Open Play,Left Foot,Normal,False,False,False,0.040064447,Blocked,False
wc2022,3857300,2022-11-22,Group Stage,Saudi Arabia,Argentina,Salem Mohammed Al Dawsari,Left Midfield,2,52,44,Regular Play,Open Play,Right Foot,Normal,False,False,False,0.03280492,Goal,True
wc2022,3857300,2022-11-22,Group Stage,Argentina,Saudi Arabia,Lisandro Martínez,Left Center Back,2,62,47,From Corner,Open Play,Right Foot,Normal,True,False,False,0.33156127,Blocked,False
wc2022,3857300,2022-11-22,Group Stage,Argentina,Saudi Arabia,Nicolás Alejandro Tagliafico,Left Back,2,62,47,From Corner,Open Play,Other,Normal,False,False,True,0.63619345,Saved,False
wc2022,3857300,2022-11-22,Group Stage,Argentina,Saudi Arabia,Lautaro Javier Martínez,Left Center Forward,2,68,35,From Corner,Open Play,Head,Normal,False,True,False,0.077176735,Off T,False
wc2022,3857300,2022-11-22,Group Stage,Argentina,Saudi Arabia,Ángel Fabián Di María Hernández,Right Midfield,2,71,54,From Throw In,Open Play,Right Foot,Normal,False,False,True,0.0639515,Saved,False
wc2022,3857300,2022-11-22,Group Stage,Argentina,Saudi Arabia,Ángel Fabián Di María Hernández,Right Midfield,2,73,37,From Throw In,Open Play,Left Foot,Half Volley,False,False,False,0.015201165,Blocked,False
wc2022,3857300,2022-11-22,Group Stage,Argentina,Saudi Arabia,Enzo Fernandez,Left Defensive Midfield,2,75,19,From Corner,Open Play,Head,Normal,False,False,False,0.036932193,Off T,False
wc2022,3857300,2022-11-22,Group Stage,Argentina,Saudi Arabia,Lionel Andrés Messi Cuccittini,Right Center Forward,2,79,58,From Free Kick,Free Kick,Left Foot,Normal,False,False,False,0.056788407,Off T,False
wc2022,3857300,2022-11-22,Group Stage,Argentina,Saudi Arabia,Lionel Andrés Messi Cuccittini,Right Center Forward,2,83,31,Regular Play,Open Play,Head,Normal,False,False,False,0.077553175,Saved,False
wc2022,3857300,2022-11-22,Group Stage,Argentina,Saudi Arabia,Nicolás Hernán Otamendi,Right Center Back,2,90,34,From Corner,Open Play,Head,Normal,False,True,False,0.048093256,Wayward,False
wc2022,3857300,2022-11-22,Group Stage,Argentina,Saudi Arabia,Julián Álvarez,Left Midfield,2,100,3,From Corner,Open Play,Head,Normal,False,True,False,0.061390053,Saved,False
wc2022,3857299,2022-11-28,Group Stage,South Korea,Ghana,Gue-Sung Cho,Center Forward,1,3,49,Regular Play,Open Play,Left Foot,Normal,True,True,False,0.09163986,Blocked,False
wc2022,3857299,2022-11-28,Group Stage,South Korea,Ghana,Woo-Yeong Jeong,Center Attacking Midfield,1,7,14,From Corner,Open Play,Right Foot,Normal,False,False,False,0.03008143,Blocked,False
wc2022,3857299,2022-11-28,Group Stage,South Korea,Ghana,Min Jae Kim,Right Center Back,1,7,49,From Corner,Open Play,Head,Normal,False,False,False,0.059008703,Wayward,False
wc2022,3857299,2022-11-28,Group Stage,South Korea,Ghana,In-Beom Hwang,Left Defensive Midfield,1,7,54,From Corner,Open Play,Right Foot,Normal,False,False,False,0.019586006,Blocked,False
wc2022,3857299,2022-11-28,Group Stage,South Korea,Ghana,Gue-Sung Cho,Center Forward,1,17,10,From Corner,Open Play,Head,Normal,False,False,False,0.055939306,Blocked,False
wc2022,3857299,2022-11-28,Group Stage,Ghana,South Korea,Mohamed Salisu,Left Center Back,1,23,43,From Free Kick,Open Play,Left Foot,Half Volley,True,False,False,0.4040968,Goal,True
wc2022,3857299,2022-11-28,Group Stage,Ghana,South Korea,Mohammed Kudus,Right Wing,1,33,49,From Goal Kick,Open Play,Head,Normal,False,False,False,0.20083603,Goal,True
wc2022,3857299,2022-11-28,Group Stage,South Korea,Ghana,Woo-Young Jung,Right Defensive Midfield,1,44,49,From Throw In,Open Play,Right Foot,Normal,False,False,False,0.010946972,Off T,False
wc2022,3857299,2022-11-28,Group Stage,Ghana,South Korea,Thomas Teye Partey,Right Defensive Midfield,1,49,30,From Corner,Open Play,Head,Normal,False,True,False,0.21468838,Off T,False
wc2022,3857299,2022-11-28,Group Stage,Ghana,South Korea,Tariq Lamptey,Right Back,2,49,38,From Throw In,Open Play,Left Foot,Normal,False,False,False,0.07450179,Off T,False
wc2022,3857299,2022-11-28,Group Stage,South Korea,Ghana,Gue-Sung Cho,Center Forward,2,52,3,From Throw In,Open Play,Head,Normal,False,False,False,0.07677545,Saved,False
wc2022,3857299,2022-11-28,Group Stage,South Korea,Ghana,Gue-Sung Cho,Center Forward,2,57,19,Regular Play,Open Play,Head,Normal,False,False,True,0.23484395,Goal,True
wc2022,3857299,2022-11-28,Group Stage,South Korea,Ghana,Gue-Sung Cho,Center Forward,2,60,7,From Throw In,Open Play,Head,Normal,False,True,False,0.16237147,Goal,True
wc2022,3857299,2022-11-28,Group Stage,Ghana,South Korea,Iñaki Williams Arthuer,Center Forward,2,67,50,From Free Kick,Open Play,Right Foot,Normal,True,False,False,0.10557394,Wayward,False
wc2022,3857299,2022-11-28,Group Stage,Ghana,South Korea,Mohammed Kudus,Right Wing,2,67,52,From Free Kick,Open Play,Left Foot,Normal,True,False,False,0.15416233,Goal,True
wc2022,3857299,2022-11-28,Group Stage,South Korea,Ghana,Kang-In Lee,Center Attacking Midfield,2,74,34,From Free Kick,Free Kick,Left Foot,Normal,False,False,False,0.034794893,Saved,False
wc2022,3857299,2022-11-28,Group Stage,South Korea,Ghana,Heung-Min Son,Left Wing,2,75,15,From Corner,Open Play,Right Foot,Normal,False,False,False,0.065267496,Blocked,False
wc2022,3857299,2022-11-28,Group Stage,South Korea,Ghana,Kang-In Lee,Center Attacking Midfield,2,75,38,From Corner,Open Play,Left Foot,Normal,False,False,False,0.011154885,Blocked,False
wc2022,3857299,2022-11-28,Group Stage,South Korea,Ghana,Jin-Su Kim,Left Back,2,75,40,From Corner,Open Play,Left Foot,Volley,True,False,False,0.19109753,Blocked,False
wc2022,3857299,2022-11-28,Group Stage,Ghana,South Korea,Salis Abdul Samed,Left Defensive Midfield,2,82,30,From Corner,Open Play,Right Foot,Volley,True,False,False,0.026676558,Off T,False
wc2022,3857299,2022-11-28,Group Stage,South Korea,Ghana,Jin-Su Kim,Left Back,2,83,16,From Goal Kick,Open Play,Left Foot,Normal,False,False,False,0.03964235,Off T,False
wc2022,3857299,2022-11-28,Group Stage,South Korea,Ghana,Jin-Su Kim,Left Back,2,85,36,From Free Kick,Open Play,Head,Normal,False,True,False,0.054534186,Wayward,False
wc2022,3857299,2022-11-28,Group Stage,South Korea,Ghana,Heung-Min Son,Left Wing,2,90,10,From Corner,Open Play,Right Foot,Normal,False,False,False,0.060233038,Blocked,False
wc2022,3857299,2022-11-28,Group Stage,South Korea,Ghana,Young-Gwon Kim,Left Center Back,2,90,13,From Corner,Open Play,Left Foot,Normal,False,False,False,0.064945966,Blocked,False
wc2022,3857299,2022-11-28,Group Stage,South Korea,Ghana,Sang-Ho Na,Right Wing,2,90,53,From Corner,Open Play,Head,Normal,False,True,False,0.05996953,Saved,False
wc2022,3857299,2022-11-28,Group Stage,South Korea,Ghana,Gue-Sung Cho,Center Forward,2,93,56,From Corner,Open Play,Left Foot,Normal,True,False,False,0.014336902,Saved,False
wc2022,3857299,2022-11-28,Group Stage,South Korea,Ghana,Kang-In Lee,Right Defensive Midfield,2,99,45,From Throw In,Open Play,Left Foot,Normal,False,False,False,0.025138553,Off T,False
wc2022,3857299,2022-11-28,Group Stage,South Korea,Ghana,Kyung-Won Kwon,Right Center Back,2,100,49,Regular Play,Open Play,Left Foot,Normal,False,False,False,0.005484339,Blocked,False
wc2022,3857293,2022-12-02,Group Stage,Ghana,Uruguay,Jordan Ayew,Left Wing,1,15,0,From Throw In,Open Play,Right Foot,Normal,False,True,False,0.07146578,Saved,False
wc2022,3857293,2022-12-02,Group Stage,Ghana,Uruguay,André Ayew Pelé,Center Attacking Midfield,1,20,12,Other,Penalty,Left Foot,Normal,False,False,False,0.7835,Saved,False
wc2022,3857293,2022-12-02,Group Stage,Uruguay,Ghana,Darwin Gabriel Núñez Ribeiro,Left Center Forward,1,22,15,Regular Play,Open Play,Right Foot,Lob,True,False,False,0.15781382,Blocked,False
wc2022,3857293,2022-12-02,Group Stage,Uruguay,Ghana,Luis Alberto Suárez Díaz,Right Center Forward,1,25,28,Regular Play,Open Play,Right Foot,Normal,False,False,False,0.2733873,Saved,False
wc2022,3857293,2022-12-02,Group Stage,Uruguay,Ghana,Giorgian Daniel De Arrascaeta Benedetti,Left Midfield,1,25,30,Regular Play,Open Play,Head,Normal,False,False,True,0.71106935,Goal,True
wc2022,3857293,2022-12-02,Group Stage,Uruguay,Ghana,Giorgian Daniel De Arrascaeta Benedetti,Left Midfield,1,31,2,From Free Kick,Open Play,Right Foot,Volley,True,True,False,0.16736692,Goal,True
wc2022,3857293,2022-12-02,Group Stage,Ghana,Uruguay,Mohammed Kudus,Right Wing,1,36,13,From Throw In,Open Play,Left Foot,Normal,False,False,False,0.041819587,Blocked,False
wc2022,3857293,2022-12-02,Group Stage,Uruguay,Ghana,José María Giménez de Vargas,Right Center Back,1,49,25,From Free Kick,Open Play,Head,Normal,False,True,False,0.03238874,Off T,False
wc2022,3857293,2022-12-02,Group Stage,Ghana,Uruguay,Osman Bukari,Right Wing,2,45,56,From Throw In,Open Play,Right Foot,Half Volley,False,False,False,0.08441304,Off T,False
wc2022,3857293,2022-12-02,Group Stage,Uruguay,Ghana,Facundo Pellistri Rebollo,Right Midfield,2,64,30,From Throw In,Open Play,Right Foot,Normal,False,False,False,0.099497445,Off T,False
wc2022,3857293,2022-12-02,Group Stage,Uruguay,Ghana,Federico Santiago Valverde Dipetta,Right Defensive Midfield,2,69,30,From Throw In,Open Play,Right Foot,Volley,True,False,False,0.0066686436,Saved,False
wc2022,3857293,2022-12-02,Group Stage,Uruguay,Ghana,Federico Santiago Valverde Dipetta,Right Defensive Midfield,2,69,56,From Throw In,Open Play,Right Foot,Normal,False,False,False,0.008103582,Off T,False
wc2022,3857293,2022-12-02,Group Stage,Ghana,Uruguay,Mohammed Kudus,Center Attacking Midfield,2,70,46,From Goal Kick,Open Play,Right Foot,Normal,False,False,False,0.04665373,Off T,False
wc2022,3857293,2022-12-02,Group Stage,Uruguay,Ghana,Federico Santiago Valverde Dipetta,Right Defensive Midfield,2,76,52,Regular Play,Open Play,Right Foot,Normal,False,False,False,0.003913026,Off T,False
wc2022,3857293,2022-12-02,Group Stage,Ghana,Uruguay,Antoine Semenyo,Center Forward,2,78,51,From Goal Kick,Open Play,Left Foot,Normal,False,False,True,0.12024433,Off T,False
wc2022,3857293,2022-12-02,Group Stage,Ghana,Uruguay,Mohammed Kudus,Center Attacking Midfield,2,80,50,Regular Play,Open Play,Left Foot,Normal,False,False,False,0.05586675,Saved,False
wc2022,3857293,2022-12-02,Group Stage,Ghana,Uruguay,Mohammed Kudus,Center Attacking Midfield,2,94,0,Regular Play,Open Play,Left Foot,Half Volley,False,False,False,0.10750313,Blocked,False
wc2022,3857293,2022-12-02,Group Stage,Uruguay,Ghana,Maximiliano Gómez González,Left Center Forward,2,94,18,Regular Play,Open Play,Right Foot,Normal,False,False,False,0.030132728,Saved,False
wc2022,3857293,2022-12-02,Group Stage,Ghana,Uruguay,Kamaldeen Sulemana,Left Wing,2,95,18,From Throw In,Open Play,Right Foot,Normal,False,False,False,0.081227794,Saved,False
wc2022,3857293,2022-12-02,Group Stage,Uruguay,Ghana,Sebastián Coates Nión,Left Center Back,2,96,3,Regular Play,Open Play,Right Foot,Normal,True,False,False,0.103292696,Off T,False
wc2022,3857293,2022-12-02,Group Stage,Uruguay,Ghana,Diego Nicolás De La Cruz Arcosa,Right Defensive Midfield,2,99,30,From Free Kick,Free Kick,Right Foot,Normal,False,False,False,0.0429242,Saved,False
wc2022,3857291,2022-11-23,Group Stage,Spain,Costa Rica,Daniel Olmo Carvajal,Left Wing,1,4,25,Regular Play,Open Play,Right Foot,Volley,True,False,False,0.20824905,Off T,False
wc2022,3857291,2022-11-23,Group Stage,Spain,Costa Rica,Marco Asensio Willemsen,Center Forward,1,8,9,From Throw In,Open Play,Left Foot,Normal,True,False,False,0.1501565,Off T,False
wc2022,3857291,2022-11-23,Group Stage,Spain,Costa Rica,Daniel Olmo Carvajal,Left Wing,1,10,52,From Throw In,Open Play,Right Foot,Lob,False,False,True,0.48925844,Goal,True
wc2022,3857291,2022-11-23,Group Stage,Spain,Costa Rica,Marco Asensio Willemsen,Center Forward,1,20,32,Regular Play,Open Play,Left Foot,Half Volley,True,False,False,0.09218961,Goal,True
wc2022,3857291,2022-11-23,Group Stage,Spain,Costa Rica,Ferrán Torres García,Right Wing,1,30,9,Other,Penalty,Right Foot,Normal,False,False,False,0.7835,Goal,True
wc2022,3857291,2022-11-23,Group Stage,Spain,Costa Rica,Marco Asensio Willemsen,Center Forward,1,42,20,From Free Kick,Open Play,Left Foot,Normal,False,False,False,0.015886325,Blocked,False
wc2022,3857291,2022-11-23,Group Stage,Spain,Costa Rica,Marco Asensio Willemsen,Center Forward,1,49,16,Regular Play,Open Play,Left Foot,Normal,False,False,False,0.04809784,Off T,False
wc2022,3857291,2022-11-23,Group Stage,Spain,Costa Rica,Marco Asensio Willemsen,Center Forward,2,47,37,From Throw In,Open Play,Left Foot,Normal,False,False,False,0.08547543,Off T,False
wc2022,3857291,2022-11-23,Group Stage,Spain,Costa Rica,Ferrán Torres García,Right Wing,2,53,41,From Corner,Open Play,Left Foot,Normal,False,False,False,0.10498973,Goal,True
wc2022,3857291,2022-11-23,Group Stage,Spain,Costa Rica,Daniel Olmo Carvajal,Left Wing,2,61,13,From Free Kick,Open Play,Right Foot,Normal,False,False,False,0.017297672,Off T,False
wc2022,3857291,2022-11-23,Group Stage,Spain,Costa Rica,Álvaro Borja Morata Martín,Center Forward,2,62,42,From Free Kick,Open Play,Right Foot,Normal,False,False,True,0.06487478,Off T,False
wc2022,3857291,2022-11-23,Group Stage,Spain,Costa Rica,Daniel Olmo Carvajal,Left Wing,2,69,3,From Free Kick,Open Play,Head,Normal,False,False,False,0.033574425,Saved,False
wc2022,3857291,2022-11-23,Group Stage,Spain,Costa Rica,Pablo Martín Páez Gavira,Right Center Midfield,2,73,59,From Free Kick,Open Play,Right Foot,Volley,True,False,False,0.056229107,Goal,True
wc2022,3857291,2022-11-23,Group Stage,Spain,Costa Rica,Carlos Soler Barragán,Left Center Midfield,2,89,11,Regular Play,Open Play,Right Foot,Normal,True,False,False,0.33333436,Goal,True
wc2022,3857291,2022-11-23,Group Stage,Spain,Costa Rica,Álvaro Borja Morata Martín,Center Forward,2,91,57,From Keeper,Open Play,Left Foot,Normal,True,False,False,0.16366571,Goal,True
wc2022,3857291,2022-11-23,Group Stage,Spain,Costa Rica,Carlos Soler Barragán,Left Center Midfield,2,95,14,Regular Play,Open Play,Right Foot,Normal,True,False,False,0.10654532,Off T,False
wc2022,3857291,2022-11-23,Group Stage,Spain,Costa Rica,Carlos Soler Barragán,Left Center Midfield,2,97,27,From Free Kick,Free Kick,Right Foot,Normal,False,False,False,0.008599174,Blocked,False
wc2022,3857281,2022-11-27,Group Stage,Canada,Croatia,Alphonso Davies,Left Midfield,1,1,8,Regular Play,Open Play,Head,Normal,False,True,True,0.08130363,Goal,True
wc2022,3857281,2022-11-27,Group Stage,Croatia,Canada,Marko Livaja,Center Forward,1,21,32,Regular Play,Open Play,Right Foot,Normal,True,False,False,0.4341785,Saved,False
wc2022,3857281,2022-11-27,Group Stage,Croatia,Canada,Marko Livaja,Center Forward,1,34,52,From Throw In,Open Play,Right Foot,Normal,False,False,True,0.24546398,Saved,False
wc2022,3857281,2022-11-27,Group Stage,Croatia,Canada,Andrej Kramarić,Right Wing,1,35,53,From Corner,Open Play,Left Foot,Normal,True,False,False,0.14639324,Goal,True
wc2022,3857281,2022-11-27,Group Stage,Croatia,Canada,Marko Livaja,Center Forward,1,43,32,From Free Kick,Open Play,Right Foot,Normal,False,False,False,0.13916126,Goal,True
wc2022,3857281,2022-11-27,Group Stage,Croatia,Canada,Andrej Kramarić,Right Wing,1,46,25,Regular Play,Open Play,Left Foot,Normal,False,False,False,0.059277993,Off T,False
wc2022,3857281,2022-11-27,Group Stage,Canada,Croatia,Jonathan Osorio,Right Center Midfield,2,48,25,Regular Play,Open Play,Right Foot,Normal,False,False,False,0.03829635,Off T,False
wc2022,3857281,2022-11-27,Group Stage,Croatia,Canada,Andrej Kramarić,Right Wing,2,53,44,Regular Play,Open Play,Right Foot,Normal,True,False,False,0.24875651,Saved,False
wc2022,3857281,2022-11-27,Group Stage,Canada,Croatia,Jonathan David,Right Center Forward,2,55,17,From Free Kick,Open Play,Right Foot,Normal,True,False,False,0.052886155,Saved,False
wc2022,3857281,2022-11-27,Group Stage,Canada,Croatia,Tajon Buchanan,Right Wing Back,2,57,26,From Keeper,Open Play,Right Foot,Normal,False,False,False,0.023891453,Blocked,False
wc2022,3857281,2022-11-27,Group Stage,Canada,Croatia,Alphonso Davies,Right Center Forward,2,62,33,From Free Kick,Free Kick,Left Foot,Normal,False,False,False,0.011981465,Blocked,False
wc2022,3857281,2022-11-27,Group Stage,Croatia,Canada,Andrej Kramarić,Right Wing,2,69,36,Regular Play,Open Play,Left Foot,Normal,False,True,False,0.10933437,Goal,True
wc2022,3857281,2022-11-27,Group Stage,Croatia,Canada,Andrej Kramarić,Right Wing,2,71,5,Regular Play,Open Play,Left Foot,Half Volley,True,False,False,0.1355834,Wayward,False
wc2022,3857281,2022-11-27,Group Stage,Canada,Croatia,David Junior Hoilett,Center Attacking Midfield,2,76,16,From Throw In,Open Play,Right Foot,Normal,False,False,False,0.019849088,Off T,False
wc2022,3857281,2022-11-27,Group Stage,Croatia,Canada,Ivan Perišić,Left Wing,2,77,50,Regular Play,Open Play,Left Foot,Normal,False,False,True,0.031612467,Saved,False
wc2022,3857281,2022-11-27,Group Stage,Croatia,Canada,Marcelo Brozović,Center Defensive Midfield,2,77,53,Regular Play,Open Play,Left Foot,Normal,True,False,False,0.30414897,Saved,False
wc2022,3857281,2022-11-27,Group Stage,Croatia,Canada,Ivan Perišić,Left Wing,2,81,53,From Throw In,Open Play,Left Foot,Normal,False,False,False,0.02367336,Off T,False
wc2022,3857281,2022-11-27,Group Stage,Croatia,Canada,Mislav Oršić,Left Wing,2,89,22,From Throw In,Open Play,Right Foot,Normal,True,False,False,0.045590583,Saved,False
wc2022,3857281,2022-11-27,Group Stage,Canada,Croatia,David Junior Hoilett,Center Attacking Midfield,2,92,4,From Free Kick,Open Play,Right Foot,Half Volley,True,False,False,0.03737635,Blocked,False
wc2022,3857281,2022-11-27,Group Stage,Canada,Croatia,David Junior Hoilett,Center Attacking Midfield,2,92,14,From Free Kick,Open Play,Right Foot,Volley,False,False,False,0.02121069,Off T,False
wc2022,3857281,2022-11-27,Group Stage,Croatia,Canada,Lovro Majer,Right Center Midfield,2,93,26,Regular Play,Open Play,Left Foot,Normal,True,False,False,0.68703645,Goal,True
wc2022,3857280,2022-12-02,Group Stage,Brazil,Cameroon,Frederico Rodrigues Santos,Right Defensive Midfield,1,1,35,From Throw In,Open Play,Left Foot,Normal,True,False,False,0.29454654,Wayward,False
wc2022,3857280,2022-12-02,Group Stage,Brazil,Cameroon,Antony Matheus dos Santos,Right Wing,1,1,45,From Throw In,Open Play,Left Foot,Normal,False,False,False,0.038875267,Wayward,False
wc2022,3857280,2022-12-02,Group Stage,Brazil,Cameroon,Gabriel Teodoro Martinelli Silva,Left Wing,1,13,34,From Throw In,Open Play,Head,Normal,False,False,True,0.12449543,Saved,False
wc2022,3857280,2022-12-02,Group Stage,Brazil,Cameroon,Gabriel Fernando de Jesus,Center Forward,1,14,11,From Corner,Open Play,Head,Normal,False,False,False,0.044797283,Off T,False
wc2022,3857280,2022-12-02,Group Stage,Brazil,Cameroon,Frederico Rodrigues Santos,Right Defensive Midfield,1,21,9,From Free Kick,Open Play,Right Foot,Half Volley,True,False,False,0.083684884,Blocked,False
wc2022,3857280,2022-12-02,Group Stage,Brazil,Cameroon,Rodrygo Silva de Goes,Center Attacking Midfield,1,29,41,From Free Kick,Free Kick,Right Foot,Normal,False,False,False,0.0651609,Blocked,False
wc2022,3857280,2022-12-02,Group Stage,Brazil,Cameroon,Daniel Alves da Silva,Right Back,1,33,28,From Free Kick,Free Kick,Right Foot,Normal,False,False,False,0.06485747,Off T,False
wc2022,3857280,2022-12-02,Group Stage,Brazil,Cameroon,Antony Matheus dos Santos,Right Wing,1,37,6,Regular Play,Open Play,Left Foot,Normal,False,False,False,0.033440635,Saved,False
wc2022,3857280,2022-12-02,Group Stage,Brazil,Cameroon,Gabriel Teodoro Martinelli Silva,Left Wing,1,45,55,From Free Kick,Open Play,Right Foot,Normal,False,False,False,0.047920834,Saved,False
wc2022,3857280,2022-12-02,Group Stage,Brazil,Cameroon,Rodrygo Silva de Goes,Center Attacking Midfield,1,46,37,From Corner,Open Play,Right Foot,Normal,True,True,False,0.06651591,Off T,False
wc2022,3857280,2022-12-02,Group Stage,Cameroon,Brazil,Bryan Mbeumo,Right Midfield,1,47,27,From Goal Kick,Open Play,Head,Normal,False,False,False,0.11827337,Saved,False
wc2022,3857280,2022-12-02,Group Stage,Cameroon,Brazil,Vincent Paté Aboubakar,Right Center Forward,2,50,11,From Throw In,Open Play,Right Foot,Normal,True,False,False,0.07058843,Off T,False
wc2022,3857280,2022-12-02,Group Stage,Brazil,Cameroon,Gabriel Fernando de Jesus,Center Forward,2,52,25,From Goal Kick,Open Play,Right Foot,Normal,True,False,False,0.27918908,Saved,False
wc2022,3857280,2022-12-02,Group Stage,Cameroon,Brazil,Pierre Kunde Malong,Right Defensive Midfield,2,53,39,Regular Play,Open Play,Right Foot,Normal,False,False,False,0.006493906,Off T,False
wc2022,3857280,2022-12-02,Group Stage,Brazil,Cameroon,Gabriel Teodoro Martinelli Silva,Left Wing,2,55,29,From Goal Kick,Open Play,Right Foot,Normal,False,False,False,0.038835723,Saved,False
wc2022,3857280,2022-12-02,Group Stage,Brazil,Cameroon,Éder Gabriel Militão,Right Center Back,2,56,15,From Corner,Open Play,Left Foot,Half Volley,False,False,False,0.075584605,Saved,False
wc2022,3857280,2022-12-02,Group Stage,Brazil,Cameroon,Antony Matheus dos Santos,Right Wing,2,57,15,From Free Kick,Open Play,Left Foot,Normal,False,False,False,0.037848417,Saved,False
wc2022,3857280,2022-12-02,Group Stage,Brazil,Cameroon,Bruno Guimarães Rodriguez Moura,Right Defensive Midfield,2,72,12,Regular Play,Open Play,Right Foot,Normal,False,True,False,0.086029716,Off T,False
wc2022,3857280,2022-12-02,Group Stage,Cameroon,Brazil,Jules Olivier Ntcham,Right Defensive Midfield,2,77,41,Regular Play,Open Play,Right Foot,Normal,False,False,False,0.03332142,Saved,False
wc2022,3857280,2022-12-02,Group Stage,Cameroon,Brazil,Vincent Paté Aboubakar,Right Center Forward,2,79,50,From Corner,Open Play,Right Foot,Normal,False,False,False,0.042308386,Blocked,False
wc2022,3857280,2022-12-02,Group Stage,Cameroon,Brazil,Christopher Wooh,Right Center Back,2,80,16,From Corner,Open Play,Right Foot,Half Volley,True,False,False,0.05692788,Wayward,False
wc2022,3857280,2022-12-02,Group Stage,Brazil,Cameroon,Bruno Guimarães Rodriguez Moura,Right Defensive Midfield,2,83,30,Regular Play,Open Play,Right Foot,Normal,True,True,False,0.14917652,Blocked,False
wc2022,3857280,2022-12-02,Group Stage,Brazil,Cameroon,Pedro Guilherme Abreu dos Santos,Center Forward,2,88,4,From Throw In,Open Play,Left Foot,Normal,False,True,False,0.18481041,Off T,False
wc2022,3857280,2022-12-02,Group Stage,Cameroon,Brazil,Vincent Paté Aboubakar,Right Center Forward,2,91,48,Regular Play,Open Play,Head,Normal,False,False,False,0.05544736,Goal,True
wc2022,3857280,2022-12-02,Group Stage,Brazil,Cameroon,Pedro Guilherme Abreu dos Santos,Center Forward,2,95,20,From Throw In,Open Play,Head,Normal,False,False,False,0.07645427,Off T,False
wc2022,3857280,2022-12-02,Group Stage,Brazil,Cameroon,Bruno Guimarães Rodriguez Moura,Right Defensive Midfield,2,96,16,Regular Play,Open Play,Head,Normal,False,False,False,0.17098139,Saved,False
wc2022,3857280,2022-12-02,Group Stage,Brazil,Cameroon,Gabriel Teodoro Martinelli Silva,Left Wing,2,97,10,Regular Play,Open Play,Head,Normal,False,False,False,0.1945778,Off T,False
wc2022,3857280,2022-12-02,Group Stage,Brazil,Cameroon,Bruno Guimarães Rodriguez Moura,Right Defensive Midfield,2,98,29,From Throw In,Open Play,Right Foot,Half Volley,True,False,False,0.22043578,Off T,False
wc2022,3857279,2022-11-22,Group Stage,France,Australia,Ousmane Dembélé,Right Wing,1,1,32,From Corner,Open Play,Left Foot,Volley,True,False,False,0.018982504,Blocked,False
wc2022,3857279,2022-11-22,Group Stage,Australia,France,Riley McGree,Left Center Midfield,1,2,25,From Throw In,Open Play,Right Foot,Normal,False,False,False,0.030384658,Off T,False
wc2022,3857279,2022-11-22,Group Stage,Australia,France,Craig Goodwin,Left Midfield,1,8,24,From Throw In,Open Play,Left Foot,Half Volley,True,False,False,0.19147108,Goal,True
wc2022,3857279,2022-11-22,Group Stage,France,Australia,Theo Bernard François Hernández,Left Back,1,12,26,From Corner,Open Play,Left Foot,Volley,True,False,False,0.017692888,Wayward,False
wc2022,3857279,2022-11-22,Group Stage,Australia,France,Mitchell Thomas Duke,Center Forward,1,21,5,From Throw In,Open Play,Right Foot,Normal,False,False,False,0.017896876,Off T,False
wc2022,3857279,2022-11-22,Group Stage,France,Australia,Antoine Griezmann,Center Attacking Midfield,1,25,33,From Throw In,Open Play,Right Foot,Half Volley,False,False,False,0.034694295,Blocked,False
wc2022,3857279,2022-11-22,Group Stage,France,Australia,Adrien Rabiot,Left Defensive Midfield,1,26,2,From Corner,Open Play,Head,Normal,False,False,False,0.16905431,Goal,True
wc2022,3857279,2022-11-22,Group Stage,France,Australia,Olivier Giroud,Center Forward,1,28,59,From Corner,Open Play,Head,Normal,False,True,True,0.17925091,Off T,False
wc2022,3857279,2022-11-22,Group Stage,France,Australia,Olivier Giroud,Center Forward,1,31,18,Regular Play,Open Play,Right Foot,Normal,True,False,False,0.77927965,Goal,True
wc2022,3857279,2022-11-22,Group Stage,France,Australia,Kylian Mbappé Lottin,Left Wing,1,36,3,From Goal Kick,Open Play,Right Foot,Half Volley,True,False,False,0.08709453,Blocked,False
wc2022,3857279,2022-11-22,Group Stage,France,Australia,Olivier Giroud,Center Forward,1,36,5,From Goal Kick,Open Play,Right Foot,Half Volley,True,False,False,0.14067347,Off T,False
wc2022,3857279,2022-11-22,Group Stage,France,Australia,Ousmane Dembélé,Right Wing,1,39,28,From Throw In,Open Play,Right Foot,Half Volley,True,False,False,0.08098688,Off T,False
wc2022,3857279,2022-11-22,Group Stage,France,Australia,Antoine Griezmann,Center Attacking Midfield,1,41,54,Regular Play,Open Play,Left Foot,Normal,True,False,False,0.04884043,Off T,False
wc2022,3857279,2022-11-22,Group Stage,France,Australia,Kylian Mbappé Lottin,Left Wing,1,44,38,Regular Play,Open Play,Right Foot,Volley,True,False,False,0.5517509,Off T,False
wc2022,3857279,2022-11-22,Group Stage,Australia,France,Jackson Irvine,Right Center Midfield,1,46,1,From Throw In,Open Play,Head,Normal,False,False,False,0.083539926,Post,False
wc2022,3857279,2022-11-22,Group Stage,France,Australia,Aurélien Djani Tchouaméni,Right Defensive Midfield,2,49,11,From Free Kick,Open Play,Right Foot,Normal,True,False,False,0.035826564,Blocked,False
wc2022,3857279,2022-11-22,Group Stage,France,Australia,Olivier Giroud,Center Forward,2,49,28,From Free Kick,Open Play,Left Foot,Overhead Kick,True,False,False,0.07860331,Off T,False
wc2022,3857279,2022-11-22,Group Stage,France,Australia,Kylian Mbappé Lottin,Left Wing,2,60,12,From Throw In,Open Play,Right Foot,Normal,True,False,False,0.12751806,Blocked,False
wc2022,3857279,2022-11-22,Group Stage,France,Australia,Kylian Mbappé Lottin,Left Wing,2,62,0,From Corner,Open Play,Left Foot,Normal,False,False,False,0.07606661,Blocked,False
wc2022,3857279,2022-11-22,Group Stage,France,Australia,Ibrahima Konaté,Right Center Back,2,62,31,From Corner,Open Play,Head,Normal,False,True,False,0.096129,Off T,False
wc2022,3857279,2022-11-22,Group Stage,France,Australia,Kylian Mbappé Lottin,Left Wing,2,63,51,From Free Kick,Open Play,Right Foot,Normal,False,False,False,0.027555656,Blocked,False
wc2022,3857279,2022-11-22,Group Stage,France,Australia,Antoine Griezmann,Center Attacking Midfield,2,66,30,Regular Play,Open Play,Left Foot,Normal,True,False,False,0.17584424,Blocked,False
wc2022,3857279,2022-11-22,Group Stage,France,Australia,Kylian Mbappé Lottin,Left Wing,2,66,54,Regular Play,Open Play,Left Foot,Normal,True,False,False,0.013371275,Wayward,False
wc2022,3857279,2022-11-22,Group Stage,France,Australia,Kylian Mbappé Lottin,Left Wing,2,67,3,Regular Play,Open Play,Head,Normal,False,True,False,0.14142905,Goal,True
wc2022,3857279,2022-11-22,Group Stage,France,Australia,Olivier Giroud,Center Forward,2,70,50,From Free Kick,Open Play,Head,Normal,False,False,False,0.16888039,Goal,True
wc2022,3857279,2022-11-22,Group Stage,France,Australia,Ibrahima Konaté,Right Center Back,2,89,2,From Corner,Open Play,Head,Normal,False,False,False,0.07988335,Saved,False
wc2022,3857279,2022-11-22,Group Stage,France,Australia,Theo Bernard François Hernández,Left Back,2,90,25,From Throw In,Open Play,Head,Normal,False,True,False,0.041087516,Saved,False
wc2022,3857262,2022-12-02,Group Stage,Portugal,South Korea,Ricardo Jorge Luz Horta,Right Wing,1,4,53,From Goal Kick,Open Play,Right Foot,Normal,True,False,False,0.29158956,Goal,True
wc2022,3857262,2022-12-02,Group Stage,Portugal,South Korea,João Pedro Cavaco Cancelo,Left Back,1,14,4,From Throw In,Open Play,Right Foot,Normal,False,False,False,0.010523141,Saved,False
wc2022,3857262,2022-12-02,Group Stage,South Korea,Portugal,Heung-Min Son,Left Wing,1,15,21,From Free Kick,Open Play,Right Foot,Normal,False,False,False,0.011031977,Blocked,False
wc2022,3857262,2022-12-02,Group Stage,South Korea,Portugal,Gue-Sung Cho,Center Forward,1,16,9,From Corner,Open Play,Head,Normal,False,False,False,0.040536147,Saved,False
wc2022,3857262,2022-12-02,Group Stage,South Korea,Portugal,Young-Gwon Kim,Left Center Back,1,26,43,From Corner,Open Play,Left Foot,Half Volley,True,False,False,0.6242964,Goal,True
wc2022,3857262,2022-12-02,Group Stage,South Korea,Portugal,In-Beom Hwang,Right Center Midfield,1,30,18,From Free Kick,Open Play,Left Foot,Normal,True,False,False,0.020656463,Blocked,False
wc2022,3857262,2022-12-02,Group Stage,Portugal,South Korea,José Diogo Dalot Teixeira,Right Back,1,33,57,Regular Play,Open Play,Left Foot,Normal,False,False,False,0.036435805,Saved,False
wc2022,3857262,2022-12-02,Group Stage,Portugal,South Korea,Vitor Machado Ferreira,Left Center Midfield,1,34,33,From Corner,Open Play,Right Foot,Half Volley,True,False,False,0.017112639,Saved,False
wc2022,3857262,2022-12-02,Group Stage,Portugal,South Korea,Cristiano Ronaldo dos Santos Aveiro,Center Forward,1,36,40,From Free Kick,Open Play,Right Foot,Normal,True,False,False,0.022429451,Blocked,False
wc2022,3857262,2022-12-02,Group Stage,South Korea,Portugal,Heung-Min Son,Left Wing,1,39,55,From Throw In,Open Play,Left Foot,Half Volley,False,False,False,0.024709688,Saved,False
wc2022,3857262,2022-12-02,Group Stage,Portugal,South Korea,Matheus Luiz Nunes,Right Center Midfield,1,40,32,From Keeper,Open Play,Right Foot,Normal,False,False,False,0.007849269,Off T,False
wc2022,3857262,2022-12-02,Group Stage,Portugal,South Korea,Vitor Machado Ferreira,Left Center Midfield,1,41,37,From Throw In,Open Play,Right Foot,Normal,False,False,False,0.03675865,Saved,False
wc2022,3857262,2022-12-02,Group Stage,Portugal,South Korea,Cristiano Ronaldo dos Santos Aveiro,Center Forward,1,41,39,From Throw In,Open Play,Head,Diving Header,False,False,True,0.28873095,Off T,False
wc2022,3857262,2022-12-02,Group Stage,Portugal,South Korea,Ricardo Jorge Luz Horta,Right Wing,1,43,40,Regular Play,Open Play,Left Foot,Normal,False,False,False,0.11468789,Saved,False
wc2022,3857262,2022-12-02,Group Stage,Portugal,South Korea,Ricardo Jorge Luz Horta,Right Wing,1,46,15,From Goal Kick,Open Play,Right Foot,Normal,False,False,False,0.052517958,Blocked,False
wc2022,3857262,2022-12-02,Group Stage,South Korea,Portugal,Heung-Min Son,Right Wing,2,55,33,Regular Play,Open Play,Right Foot,Normal,True,False,False,0.023785131,Blocked,False
wc2022,3857262,2022-12-02,Group Stage,South Korea,Portugal,Jae-Sung Lee,Left Wing,2,56,13,From Corner,Open Play,Left Foot,Volley,True,False,False,0.021393217,Off T,False
wc2022,3857262,2022-12-02,Group Stage,South Korea,Portugal,Heung-Min Son,Right Wing,2,65,35,From Goal Kick,Open Play,Left Foot,Normal,False,False,False,0.039930075,Saved,False
wc2022,3857262,2022-12-02,Group Stage,South Korea,Portugal,In-Beom Hwang,Right Center Midfield,2,66,30,Regular Play,Open Play,Left Foot,Normal,False,False,False,0.100738145,Saved,False
wc2022,3857262,2022-12-02,Group Stage,South Korea,Portugal,Heung-Min Son,Right Wing,2,69,50,From Free Kick,Open Play,Right Foot,Volley,True,False,False,0.04621987,Blocked,False
wc2022,3857262,2022-12-02,Group Stage,Portugal,South Korea,Rafael Alexandre Conceição Leão,Left Wing,2,71,22,From Counter,Open Play,Right Foot,Normal,False,False,False,0.029762346,Off T,False
wc2022,3857262,2022-12-02,Group Stage,South Korea,Portugal,Kang-In Lee,Left Center Midfield,2,73,25,From Free Kick,Free Kick,Left Foot,Normal,False,False,False,0.023724081,Off T,False
wc2022,3857262,2022-12-02,Group Stage,Portugal,South Korea,João Maria Lobo Alves Palhinha Gonçalves,Center Defensive Midfield,2,80,14,From Throw In,Open Play,Right Foot,Normal,False,False,False,0.021024177,Blocked,False
wc2022,3857262,2022-12-02,Group Stage,Portugal,South Korea,João Pedro Cavaco Cancelo,Left Back,2,89,41,From Throw In,Open Play,Left Foot,Normal,False,False,False,0.04430043,Blocked,False
wc2022,3857262,2022-12-02,Group Stage,South Korea,Portugal,Hee-Chan Hwang,Left Midfield,2,90,28,From Counter,Open Play,Right Foot,Normal,True,False,False,0.42196128,Goal,True
